download_time,name,source_format,url,event_uuid,data_type,data_size,threat_level,event_date
2025-12-05T09:37:57.833160,IPsum-l5,text,https://raw.githubusercontent.com/stamparm/ipsum/master/levels/5.txt,,text,4733,,
2025-12-05T09:37:57.873013,IPsum-l4,text,https://raw.githubusercontent.com/stamparm/ipsum/master/levels/4.txt,,text,9032,,
2025-12-05T09:37:57.971880,Alienvault-IP-Reputation,csv,https://reputation.alienvault.com/reputation.generic,,csv,609,,
2025-12-05T09:37:59.641200,abuse.ch-SSL,csv,https://sslbl.abuse.ch/blacklist/sslblacklist.csv,,csv,8565,,
2025-12-05T09:37:59.722018,abuse.ch-Bazaar,misp,https://bazaar.abuse.ch/downloads/misp//30d83fbc-656c-4e3b-aea0-423f3807b96c.json,30d83fbc-656c-4e3b-aea0-423f3807b96c,json,2128,2,2025-11-29T00:03:02
2025-12-05T09:37:59.812099,abuse.ch,misp,https://threatfox.abuse.ch/downloads/misp/76bb50a0-afbf-45e7-818e-2ed63f99b7af.json,76bb50a0-afbf-45e7-818e-2ed63f99b7af,json,2460,2,2025-11-30T00:03:07
2025-12-05T09:37:59.903061,abuse.ch-Bazaar,misp,https://bazaar.abuse.ch/downloads/misp//9a8b688b-0f83-4143-8c55-d655be1c1b35.json,9a8b688b-0f83-4143-8c55-d655be1c1b35,json,1656,2,2025-12-03T00:03:01
2025-12-05T09:37:59.972352,abuse.ch-Bazaar,misp,https://bazaar.abuse.ch/downloads/misp//3dad2b14-4e7f-43fe-a811-0c227eefa614.json,3dad2b14-4e7f-43fe-a811-0c227eefa614,json,1716,2,2025-12-02T00:03:02
2025-12-05T09:38:00.013134,abuse.ch-URLhasus,misp,https://urlhaus.abuse.ch/downloads/misp/e2aebdf0-a1c5-44ac-8487-e52906b7dafe.json,e2aebdf0-a1c5-44ac-8487-e52906b7dafe,json,1793,2,2025-11-29T00:15:16
2025-12-05T09:38:00.042268,abuse.ch-Bazaar,misp,https://bazaar.abuse.ch/downloads/misp//8b12f4e9-844f-4654-bc33-2fad40c42e07.json,8b12f4e9-844f-4654-bc33-2fad40c42e07,json,1484,2,2025-12-01T00:03:02
2025-12-05T09:38:00.055109,abuse.ch,misp,https://threatfox.abuse.ch/downloads/misp/2c81e393-628f-4869-a7b4-23ea4d0c07a3.json,2c81e393-628f-4869-a7b4-23ea4d0c07a3,json,459,2,2025-11-28T00:03:06
2025-12-05T09:38:00.113779,abuse.ch,misp,https://threatfox.abuse.ch/downloads/misp/aa5da4b6-9748-4f50-9aa5-f27f92fa596b.json,aa5da4b6-9748-4f50-9aa5-f27f92fa596b,json,537,2,2025-12-01T00:03:07
2025-12-05T09:38:00.118312,abuse.ch,misp,https://threatfox.abuse.ch/downloads/misp/a16ce364-7ef2-42b7-8314-2de9e78f0243.json,a16ce364-7ef2-42b7-8314-2de9e78f0243,json,370,2,2025-12-03T00:03:06
2025-12-05T09:38:00.135178,abuse.ch,misp,https://threatfox.abuse.ch/downloads/misp/389fde9c-1b43-4365-8deb-85b48c7de355.json,389fde9c-1b43-4365-8deb-85b48c7de355,json,660,2,2025-12-05T00:03:06
2025-12-05T09:38:00.158044,abuse.ch,misp,https://threatfox.abuse.ch/downloads/misp/f578f328-7da5-434b-83ab-7b48b9a14a34.json,f578f328-7da5-434b-83ab-7b48b9a14a34,json,2012,2,2025-12-02T00:03:06
2025-12-05T09:38:00.166010,abuse.ch,misp,https://threatfox.abuse.ch/downloads/misp/787ab5d4-fcd2-442f-99fe-a30ab2266a38.json,787ab5d4-fcd2-442f-99fe-a30ab2266a38,json,751,2,2025-12-04T00:03:07
2025-12-05T09:38:00.172055,abuse.ch,misp,https://threatfox.abuse.ch/downloads/misp/91c0d217-14ee-42f3-a046-c42065612747.json,91c0d217-14ee-42f3-a046-c42065612747,json,565,2,2025-11-26T00:03:06
2025-12-05T09:38:00.180140,abuse.ch,misp,https://threatfox.abuse.ch/downloads/misp/e674d688-774c-4624-9d0c-8a4139f23068.json,e674d688-774c-4624-9d0c-8a4139f23068,json,809,2,2025-11-27T00:03:06
2025-12-05T09:38:00.251631,abuse.ch-Bazaar,misp,https://bazaar.abuse.ch/downloads/misp//c4eb42e6-61b8-4504-ac1c-4bbc583adae1.json,c4eb42e6-61b8-4504-ac1c-4bbc583adae1,json,1524,2,2025-11-30T00:03:02
2025-12-05T09:38:00.329122,abuse.ch-URLhasus,misp,https://urlhaus.abuse.ch/downloads/misp/e7827b8e-d54b-4b58-b04a-1497b46ebcc5.json,e7827b8e-d54b-4b58-b04a-1497b46ebcc5,json,1452,2,2025-12-01T00:15:16
2025-12-05T09:38:00.362010,abuse.ch-URLhasus,misp,https://urlhaus.abuse.ch/downloads/misp/4dcb6001-a51d-48f9-98f1-cfa3ce68a44f.json,4dcb6001-a51d-48f9-98f1-cfa3ce68a44f,json,1869,2,2025-11-30T00:15:17
2025-12-05T09:38:00.388631,abuse.ch-URLhasus,misp,https://urlhaus.abuse.ch/downloads/misp/8aa97c34-25e0-43d6-8490-e2119f3c328b.json,8aa97c34-25e0-43d6-8490-e2119f3c328b,json,1346,2,2025-12-04T00:15:17
2025-12-05T09:38:00.408493,abuse.ch-URLhasus,misp,https://urlhaus.abuse.ch/downloads/misp/593a4bc8-81ee-430e-96b9-97abd2787c68.json,593a4bc8-81ee-430e-96b9-97abd2787c68,json,962,2,2025-11-27T00:15:16
2025-12-05T09:38:00.450897,abuse.ch-URLhasus,misp,https://urlhaus.abuse.ch/downloads/misp/1cb9ffe5-5d08-49f4-abfe-c372854ab509.json,1cb9ffe5-5d08-49f4-abfe-c372854ab509,json,1731,2,2025-12-05T00:15:17
2025-12-05T09:38:00.594734,abuse.ch,misp,https://threatfox.abuse.ch/downloads/misp/157745c2-4225-49f5-9d68-5fc3ff037340.json,157745c2-4225-49f5-9d68-5fc3ff037340,json,8889,2,2025-11-29T00:03:06
2025-12-05T09:38:00.617218,abuse.ch-Bazaar,misp,https://bazaar.abuse.ch/downloads/misp//0abec2b5-2aef-44dd-866e-ed5e5ece9040.json,0abec2b5-2aef-44dd-866e-ed5e5ece9040,json,1124,2,2025-11-28T00:03:01
2025-12-05T09:38:00.641076,abuse.ch-URLhasus,misp,https://urlhaus.abuse.ch/downloads/misp/9085518d-d1fa-4214-98ca-427f908c0b5b.json,9085518d-d1fa-4214-98ca-427f908c0b5b,json,1045,2,2025-11-28T00:15:15
2025-12-05T09:38:00.676319,abuse.ch-Bazaar,misp,https://bazaar.abuse.ch/downloads/misp//db000137-2f3a-42da-962e-9206c4226ee0.json,db000137-2f3a-42da-962e-9206c4226ee0,json,1584,2,2025-11-26T00:03:02
2025-12-05T09:38:00.703629,abuse.ch-Bazaar,misp,https://bazaar.abuse.ch/downloads/misp//37af1f1c-9456-4bf2-9b6f-82d04447f394.json,37af1f1c-9456-4bf2-9b6f-82d04447f394,json,1312,2,2025-11-27T00:03:02
2025-12-05T09:38:00.725226,abuse.ch-URLhasus,misp,https://urlhaus.abuse.ch/downloads/misp/975ef707-9931-4c05-9d64-096b790bb0bf.json,975ef707-9931-4c05-9d64-096b790bb0bf,json,1063,2,2025-12-02T00:15:15
2025-12-05T09:38:00.747553,abuse.ch-URLhasus,misp,https://urlhaus.abuse.ch/downloads/misp/de003fcb-0755-4580-9d31-2479d374895f.json,de003fcb-0755-4580-9d31-2479d374895f,json,1114,2,2025-11-26T00:15:16
2025-12-05T09:38:00.785861,abuse.ch-URLhasus,misp,https://urlhaus.abuse.ch/downloads/misp/cd6aac02-b054-4e67-8445-5145b1a3d672.json,cd6aac02-b054-4e67-8445-5145b1a3d672,json,1745,2,2025-12-03T00:15:17
2025-12-05T09:38:00.843128,abuse.ch-Bazaar,misp,https://bazaar.abuse.ch/downloads/misp//4a5b24ac-0d64-400d-b506-b376c5c57954.json,4a5b24ac-0d64-400d-b506-b376c5c57954,json,2300,2,2025-12-04T00:03:02
2025-12-05T09:38:00.896869,abuse.ch-Bazaar,misp,https://bazaar.abuse.ch/downloads/misp//8c54ee13-f7d3-4c0b-a2d7-16ff43214102.json,8c54ee13-f7d3-4c0b-a2d7-16ff43214102,json,2652,2,2025-12-05T00:03:01
2025-12-05T09:38:08.264429,Phishtank,csv,https://data.phishtank.com/data/online-valid.csv,,csv,47733,,
2025-12-06T01:08:47.932672,IPsum-l4,text,https://raw.githubusercontent.com/stamparm/ipsum/master/levels/4.txt,,text,9032,,
2025-12-06T01:08:47.953195,IPsum-l5,text,https://raw.githubusercontent.com/stamparm/ipsum/master/levels/5.txt,,text,4733,,
2025-12-06T01:08:48.117648,abuse.ch-Bazaar,misp,https://bazaar.abuse.ch/downloads/misp//0f5f71d9-5a13-45b7-a646-5da0d7313ae9.json,0f5f71d9-5a13-45b7-a646-5da0d7313ae9,json,2424,2,2025-12-06T00:03:02
2025-12-06T01:08:49.790071,abuse.ch-SSL,csv,https://sslbl.abuse.ch/blacklist/sslblacklist.csv,,csv,8570,,
2025-12-06T01:08:49.807655,abuse.ch,misp,https://threatfox.abuse.ch/downloads/misp/ce86af89-1ffa-48bd-a461-e2a35ba9a68c.json,ce86af89-1ffa-48bd-a461-e2a35ba9a68c,json,501,2,2025-12-06T00:03:06
2025-12-06T01:08:49.851364,abuse.ch-URLhasus,misp,https://urlhaus.abuse.ch/downloads/misp/84ac3dbe-65df-4889-9e82-799770ac69e0.json,84ac3dbe-65df-4889-9e82-799770ac69e0,json,1749,2,2025-12-06T00:15:16
2025-12-06T01:08:49.917577,Alienvault-IP-Reputation,csv,https://reputation.alienvault.com/reputation.generic,,csv,609,,
2025-12-06T01:08:57.132103,Phishtank,csv,https://data.phishtank.com/data/online-valid.csv,,csv,47584,,
2025-12-07T01:19:16.628144,IPsum-l5,text,https://raw.githubusercontent.com/stamparm/ipsum/master/levels/5.txt,,text,4731,,
2025-12-07T01:19:16.666381,IPsum-l4,text,https://raw.githubusercontent.com/stamparm/ipsum/master/levels/4.txt,,text,9258,,
2025-12-07T01:19:16.927286,abuse.ch-Bazaar,misp,https://bazaar.abuse.ch/downloads/misp//c81d6985-4f27-416a-a5d1-7fca6d80b11d.json,c81d6985-4f27-416a-a5d1-7fca6d80b11d,json,2056,2,2025-12-07T00:03:01
2025-12-07T01:19:16.936752,abuse.ch,misp,https://threatfox.abuse.ch/downloads/misp/22620e50-80d0-4c4b-8718-e4171fa20d96.json,22620e50-80d0-4c4b-8718-e4171fa20d96,json,335,2,2025-12-07T00:03:07
2025-12-07T01:19:16.973627,Alienvault-IP-Reputation,csv,https://reputation.alienvault.com/reputation.generic,,csv,609,,
2025-12-07T01:19:17.030737,abuse.ch-URLhasus,misp,https://urlhaus.abuse.ch/downloads/misp/f4d50ae9-f64e-4cbc-bb5f-84a22b5831c6.json,f4d50ae9-f64e-4cbc-bb5f-84a22b5831c6,json,2330,2,2025-12-07T00:15:18
2025-12-07T01:19:22.599919,Phishtank,csv,https://data.phishtank.com/data/online-valid.csv,,csv,47249,,
2025-12-07T01:19:23.929906,abuse.ch-SSL,csv,https://sslbl.abuse.ch/blacklist/sslblacklist.csv,,csv,8571,,
2025-12-07T01:19:25.997894,CIRCL OSINT Feed,misp,https://www.circl.lu/doc/misp/feed-osint//5b773e07-e694-458b-b99c-27f30a016219.json,5b773e07-e694-458b-b99c-27f30a016219,json,16,1,2025-12-06T01:42:45
2025-12-07T01:19:26.272173,CIRCL OSINT Feed,misp,https://www.circl.lu/doc/misp/feed-osint//ea593018-b2e9-4e7e-8da9-cc20a751e3f6.json,ea593018-b2e9-4e7e-8da9-cc20a751e3f6,json,177,1,2025-12-06T21:01:25
2025-12-08T01:12:39.180217,IPsum-l4,text,https://raw.githubusercontent.com/stamparm/ipsum/master/levels/4.txt,,text,9275,,
2025-12-08T01:12:39.198056,IPsum-l5,text,https://raw.githubusercontent.com/stamparm/ipsum/master/levels/5.txt,,text,4695,,
2025-12-08T01:12:40.926173,abuse.ch-SSL,csv,https://sslbl.abuse.ch/blacklist/sslblacklist.csv,,csv,8571,,
2025-12-08T01:12:40.978182,Alienvault-IP-Reputation,csv,https://reputation.alienvault.com/reputation.generic,,csv,609,,
2025-12-08T01:12:48.220726,Phishtank,csv,https://data.phishtank.com/data/online-valid.csv,,csv,46968,,
2025-12-08T01:12:48.301028,abuse.ch-URLhasus,misp,https://urlhaus.abuse.ch/downloads/misp/f2e33fa2-1303-4658-9b1b-c687acbfc230.json,f2e33fa2-1303-4658-9b1b-c687acbfc230,json,1367,2,2025-12-08T00:15:19
2025-12-08T01:12:48.333029,abuse.ch-Bazaar,misp,https://bazaar.abuse.ch/downloads/misp//9d32e94a-d8c4-4e94-8b70-0625ab62e4b8.json,9d32e94a-d8c4-4e94-8b70-0625ab62e4b8,json,1676,2,2025-12-08T00:03:01
2025-12-08T01:12:48.336366,abuse.ch,misp,https://threatfox.abuse.ch/downloads/misp/a9cc1270-02f4-478d-8d86-03c6368cb9bd.json,a9cc1270-02f4-478d-8d86-03c6368cb9bd,json,208,2,2025-12-08T00:03:06
2025-12-08T01:19:54.287666,IPsum-l4,text,https://raw.githubusercontent.com/stamparm/ipsum/master/levels/4.txt,,text,9275,,
2025-12-08T01:19:54.321068,IPsum-l5,text,https://raw.githubusercontent.com/stamparm/ipsum/master/levels/5.txt,,text,4695,,
2025-12-08T01:19:54.398886,Alienvault-IP-Reputation,csv,https://reputation.alienvault.com/reputation.generic,,csv,609,,
2025-12-08T01:19:56.059943,abuse.ch-SSL,csv,https://sslbl.abuse.ch/blacklist/sslblacklist.csv,,csv,8571,,
2025-12-08T01:20:03.453530,Phishtank,csv,https://data.phishtank.com/data/online-valid.csv,,csv,46968,,
2025-12-09T01:12:06.637376,IPsum-l4,text,https://raw.githubusercontent.com/stamparm/ipsum/master/levels/4.txt,,text,9386,,
2025-12-09T01:12:06.658677,IPsum-l5,text,https://raw.githubusercontent.com/stamparm/ipsum/master/levels/5.txt,,text,4646,,
2025-12-09T01:12:08.321526,abuse.ch-SSL,csv,https://sslbl.abuse.ch/blacklist/sslblacklist.csv,,csv,8590,,
2025-12-09T01:12:08.377418,Alienvault-IP-Reputation,csv,https://reputation.alienvault.com/reputation.generic,,csv,609,,
2025-12-09T01:12:08.701588,abuse.ch,misp,https://threatfox.abuse.ch/downloads/misp/2026d0d7-4883-4b2c-b55c-1e2f7c3b7db5.json,2026d0d7-4883-4b2c-b55c-1e2f7c3b7db5,json,1734,2,2025-12-09T00:03:07
2025-12-09T01:12:08.718019,abuse.ch-URLhasus,misp,https://urlhaus.abuse.ch/downloads/misp/fdacc0f5-0e4d-45ba-8728-b065a07cc783.json,fdacc0f5-0e4d-45ba-8728-b065a07cc783,json,774,2,2025-12-09T00:15:18
2025-12-09T01:12:08.831463,abuse.ch-Bazaar,misp,https://bazaar.abuse.ch/downloads/misp//9a5633fc-a7ac-4869-acc7-3d5bf3059bc2.json,9a5633fc-a7ac-4869-acc7-3d5bf3059bc2,json,4600,2,2025-12-09T00:03:01
2025-12-09T01:12:16.075622,Phishtank,csv,https://data.phishtank.com/data/online-valid.csv,,csv,46885,,
2025-12-10T01:14:05.555707,IPsum-l4,text,https://raw.githubusercontent.com/stamparm/ipsum/master/levels/4.txt,,text,11487,,
2025-12-10T01:14:05.581538,IPsum-l5,text,https://raw.githubusercontent.com/stamparm/ipsum/master/levels/5.txt,,text,6351,,
2025-12-10T01:14:07.308399,abuse.ch-SSL,csv,https://sslbl.abuse.ch/blacklist/sslblacklist.csv,,csv,8601,,
2025-12-10T01:14:07.339792,abuse.ch,misp,https://threatfox.abuse.ch/downloads/misp/a3621c66-8e8d-422f-9014-1e9b73ec7b1b.json,a3621c66-8e8d-422f-9014-1e9b73ec7b1b,json,2022,2,2025-12-10T00:03:06
2025-12-10T01:14:07.384519,abuse.ch-Bazaar,misp,https://bazaar.abuse.ch/downloads/misp//7ed17be3-828c-450b-8cf0-56c7348c6129.json,7ed17be3-828c-450b-8cf0-56c7348c6129,json,1504,2,2025-12-10T00:03:01
2025-12-10T01:14:07.456315,Alienvault-IP-Reputation,csv,https://reputation.alienvault.com/reputation.generic,,csv,609,,
2025-12-10T01:14:07.540114,abuse.ch-URLhasus,misp,https://urlhaus.abuse.ch/downloads/misp/465ac79f-e0fe-4b0f-8b4c-134575467905.json,465ac79f-e0fe-4b0f-8b4c-134575467905,json,1065,2,2025-12-10T00:15:18
2025-12-11T01:14:36.077254,IPsum-l5,text,https://raw.githubusercontent.com/stamparm/ipsum/master/levels/5.txt,,text,4236,,
2025-12-11T01:14:36.125992,IPsum-l4,text,https://raw.githubusercontent.com/stamparm/ipsum/master/levels/4.txt,,text,11163,,
2025-12-11T01:14:36.261251,abuse.ch-Bazaar,misp,https://bazaar.abuse.ch/downloads/misp//18f7e870-d323-4447-9987-91e4879953dd.json,18f7e870-d323-4447-9987-91e4879953dd,json,1988,2,2025-12-11T00:03:01
2025-12-11T01:14:36.345884,Alienvault-IP-Reputation,csv,https://reputation.alienvault.com/reputation.generic,,csv,609,,
2025-12-11T01:14:36.442659,abuse.ch-URLhasus,misp,https://urlhaus.abuse.ch/downloads/misp/620001db-f5a1-4335-be27-b57a82d9ecd2.json,620001db-f5a1-4335-be27-b57a82d9ecd2,json,1732,2,2025-12-11T00:15:18
2025-12-11T01:14:38.062746,abuse.ch-SSL,csv,https://sslbl.abuse.ch/blacklist/sslblacklist.csv,,csv,8610,,
2025-12-11T01:14:38.075060,abuse.ch,misp,https://threatfox.abuse.ch/downloads/misp/4b1c0bd8-a7f8-402e-9ce2-ee097c67a5d8.json,4b1c0bd8-a7f8-402e-9ce2-ee097c67a5d8,json,506,2,2025-12-11T00:03:06
2025-12-11T01:14:45.182149,Phishtank,csv,https://data.phishtank.com/data/online-valid.csv,,csv,46986,,
2025-12-12T01:14:24.435337,IPsum-l4,text,https://raw.githubusercontent.com/stamparm/ipsum/master/levels/4.txt,,text,9306,,
2025-12-12T01:14:24.450544,IPsum-l5,text,https://raw.githubusercontent.com/stamparm/ipsum/master/levels/5.txt,,text,2966,,
2025-12-12T01:14:25.828570,abuse.ch-SSL,csv,https://sslbl.abuse.ch/blacklist/sslblacklist.csv,,csv,8617,,
2025-12-12T01:14:25.871463,Alienvault-IP-Reputation,csv,https://reputation.alienvault.com/reputation.generic,,csv,609,,
2025-12-12T01:14:25.890856,abuse.ch-URLhasus,misp,https://urlhaus.abuse.ch/downloads/misp/e4a613db-5df8-46fa-bbd6-988f94eb3183.json,e4a613db-5df8-46fa-bbd6-988f94eb3183,json,860,2,2025-12-12T00:15:20
2025-12-12T01:14:25.930087,abuse.ch-Bazaar,misp,https://bazaar.abuse.ch/downloads/misp//0c6c4b43-383a-4fb0-b6a2-880de6e95573.json,0c6c4b43-383a-4fb0-b6a2-880de6e95573,json,1404,2,2025-12-12T00:03:01
2025-12-12T01:14:31.423808,Phishtank,csv,https://data.phishtank.com/data/online-valid.csv,,csv,46869,,
2025-12-12T01:14:31.458015,abuse.ch,misp,https://threatfox.abuse.ch/downloads/misp/df1a9b8a-0294-47ed-8aef-08f0873bb582.json,df1a9b8a-0294-47ed-8aef-08f0873bb582,json,1475,2,2025-12-12T00:03:06
2025-12-13T01:10:08.789662,IPsum-l5,text,https://raw.githubusercontent.com/stamparm/ipsum/master/levels/5.txt,,text,4798,,
2025-12-13T01:10:08.831948,IPsum-l4,text,https://raw.githubusercontent.com/stamparm/ipsum/master/levels/4.txt,,text,10012,,
2025-12-13T01:10:08.981403,abuse.ch-Bazaar,misp,https://bazaar.abuse.ch/downloads/misp//b79d51cf-e1e1-42b7-a246-2006475cd1c9.json,b79d51cf-e1e1-42b7-a246-2006475cd1c9,json,1636,2,2025-12-13T00:03:01
2025-12-13T01:10:09.106488,Alienvault-IP-Reputation,csv,https://reputation.alienvault.com/reputation.generic,,csv,609,,
2025-12-13T01:10:09.142383,abuse.ch-URLhasus,misp,https://urlhaus.abuse.ch/downloads/misp/b252c2ce-153d-4264-ab78-8aca7ae8c7cf.json,b252c2ce-153d-4264-ab78-8aca7ae8c7cf,json,1182,2,2025-12-13T00:15:16
2025-12-13T01:10:09.154921,abuse.ch,misp,https://threatfox.abuse.ch/downloads/misp/86ad6f8d-d434-4c84-a991-498f692890df.json,86ad6f8d-d434-4c84-a991-498f692890df,json,539,2,2025-12-13T00:03:06
2025-12-13T01:10:16.347122,Phishtank,csv,https://data.phishtank.com/data/online-valid.csv,,csv,46986,,
2025-12-13T01:10:18.013817,abuse.ch-SSL,csv,https://sslbl.abuse.ch/blacklist/sslblacklist.csv,,csv,8621,,
2025-12-14T01:19:27.400173,IPsum-l4,text,https://raw.githubusercontent.com/stamparm/ipsum/master/levels/4.txt,,text,9885,,
2025-12-14T01:19:27.421781,IPsum-l5,text,https://raw.githubusercontent.com/stamparm/ipsum/master/levels/5.txt,,text,4746,,
2025-12-14T01:19:34.869550,Phishtank,csv,https://data.phishtank.com/data/online-valid.csv,,csv,46849,,
2025-12-14T01:19:34.929834,Alienvault-IP-Reputation,csv,https://reputation.alienvault.com/reputation.generic,,csv,609,,
2025-12-14T01:19:36.579611,abuse.ch-SSL,csv,https://sslbl.abuse.ch/blacklist/sslblacklist.csv,,csv,8623,,
2025-12-14T01:19:36.601998,abuse.ch,misp,https://threatfox.abuse.ch/downloads/misp/093e8c56-f75d-44d7-8e82-01681ae2e66d.json,093e8c56-f75d-44d7-8e82-01681ae2e66d,json,583,2,2025-12-14T00:03:06
2025-12-14T01:19:36.827535,abuse.ch-URLhasus,misp,https://urlhaus.abuse.ch/downloads/misp/32203405-5217-4872-bdb2-344c37eaadbc.json,32203405-5217-4872-bdb2-344c37eaadbc,json,1227,2,2025-12-14T00:15:18
2025-12-15T01:16:38.019846,IPsum-l5,text,https://raw.githubusercontent.com/stamparm/ipsum/master/levels/5.txt,,text,4707,,
2025-12-15T01:16:38.057527,IPsum-l4,text,https://raw.githubusercontent.com/stamparm/ipsum/master/levels/4.txt,,text,9736,,
2025-12-15T01:16:39.812264,abuse.ch-SSL,csv,https://sslbl.abuse.ch/blacklist/sslblacklist.csv,,csv,8631,,
2025-12-15T01:16:39.856946,abuse.ch-Bazaar,misp,https://bazaar.abuse.ch/downloads/misp//f78fac55-c5ac-4899-af5d-fc8b03893d61.json,f78fac55-c5ac-4899-af5d-fc8b03893d61,json,1628,2,2025-12-15T00:03:01
2025-12-15T01:16:39.917062,Alienvault-IP-Reputation,csv,https://reputation.alienvault.com/reputation.generic,,csv,609,,
2025-12-15T01:16:39.979058,abuse.ch,misp,https://threatfox.abuse.ch/downloads/misp/f4391594-0b0e-48b2-989c-47bf8d115ba0.json,f4391594-0b0e-48b2-989c-47bf8d115ba0,json,278,2,2025-12-15T00:03:06
2025-12-15T01:16:40.170464,abuse.ch-URLhasus,misp,https://urlhaus.abuse.ch/downloads/misp/a5f7a655-b48f-4025-9ce9-018c3071d700.json,a5f7a655-b48f-4025-9ce9-018c3071d700,json,955,2,2025-12-15T00:15:18
2025-12-15T01:16:40.526789,abuse.ch-Bazaar,misp,https://bazaar.abuse.ch/downloads/misp//067a632a-30e3-4834-8ac4-ffcea963b72f.json,067a632a-30e3-4834-8ac4-ffcea963b72f,json,2232,2,2025-12-14T00:03:01
2025-12-16T01:15:15.529980,IPsum-l4,text,https://raw.githubusercontent.com/stamparm/ipsum/master/levels/4.txt,,text,9977,,
2025-12-16T01:15:15.551468,IPsum-l5,text,https://raw.githubusercontent.com/stamparm/ipsum/master/levels/5.txt,,text,4827,,
2025-12-16T01:15:17.237136,abuse.ch-SSL,csv,https://sslbl.abuse.ch/blacklist/sslblacklist.csv,,csv,8638,,
2025-12-16T01:15:17.366758,abuse.ch-Bazaar,misp,https://bazaar.abuse.ch/downloads/misp//eca09fa2-3a99-46ea-a98c-f4adadec5986.json,eca09fa2-3a99-46ea-a98c-f4adadec5986,json,4304,2,2025-12-16T00:03:01
2025-12-16T01:15:17.383409,abuse.ch,misp,https://threatfox.abuse.ch/downloads/misp/9d7a58df-51f0-4f7a-872d-1167011c6f1c.json,9d7a58df-51f0-4f7a-872d-1167011c6f1c,json,654,2,2025-12-16T00:03:06
2025-12-16T01:15:17.423744,Alienvault-IP-Reputation,csv,https://reputation.alienvault.com/reputation.generic,,csv,609,,
2025-12-16T01:15:17.447184,abuse.ch-URLhasus,misp,https://urlhaus.abuse.ch/downloads/misp/0b7256de-c036-463d-b8d3-64e0bed2dcd6.json,0b7256de-c036-463d-b8d3-64e0bed2dcd6,json,1160,2,2025-12-16T00:15:19
2025-12-16T01:15:24.775622,Phishtank,csv,https://data.phishtank.com/data/online-valid.csv,,csv,46981,,
2025-12-17T01:10:15.390294,IPsum-l5,text,https://raw.githubusercontent.com/stamparm/ipsum/master/levels/5.txt,,text,4648,,
2025-12-17T01:10:15.430335,IPsum-l4,text,https://raw.githubusercontent.com/stamparm/ipsum/master/levels/4.txt,,text,9653,,
2025-12-17T01:10:15.505991,Alienvault-IP-Reputation,csv,https://reputation.alienvault.com/reputation.generic,,csv,609,,
2025-12-17T01:10:17.285939,abuse.ch-SSL,csv,https://sslbl.abuse.ch/blacklist/sslblacklist.csv,,csv,8640,,
2025-12-17T01:10:17.343251,abuse.ch-Bazaar,misp,https://bazaar.abuse.ch/downloads/misp//caef1815-aab5-4dfa-816a-262c76a79ffe.json,caef1815-aab5-4dfa-816a-262c76a79ffe,json,2628,2,2025-12-17T00:03:01
2025-12-17T01:10:24.628799,Phishtank,csv,https://data.phishtank.com/data/online-valid.csv,,csv,46859,,
2025-12-17T01:10:24.666756,abuse.ch-URLhasus,misp,https://urlhaus.abuse.ch/downloads/misp/33c025d3-6ab7-4343-a33d-968ff0cabde8.json,33c025d3-6ab7-4343-a33d-968ff0cabde8,json,1129,2,2025-12-17T00:15:15
2025-12-17T01:10:24.677166,abuse.ch,misp,https://threatfox.abuse.ch/downloads/misp/88eb1381-c315-428a-ae18-0a7b985475dc.json,88eb1381-c315-428a-ae18-0a7b985475dc,json,690,2,2025-12-17T00:03:05
2025-12-18T01:11:20.704216,IPsum-l4,text,https://raw.githubusercontent.com/stamparm/ipsum/master/levels/4.txt,,text,8827,,
2025-12-18T01:11:20.718774,IPsum-l5,text,https://raw.githubusercontent.com/stamparm/ipsum/master/levels/5.txt,,text,3102,,
2025-12-18T01:11:22.570807,abuse.ch-SSL,csv,https://sslbl.abuse.ch/blacklist/sslblacklist.csv,,csv,8640,,
2025-12-18T01:11:22.590227,abuse.ch,misp,https://threatfox.abuse.ch/downloads/misp/f6c55f7e-cfb1-49bb-a790-04a33dd41142.json,f6c55f7e-cfb1-49bb-a790-04a33dd41142,json,504,2,2025-12-18T00:03:06
2025-12-18T01:11:22.631061,abuse.ch-URLhasus,misp,https://urlhaus.abuse.ch/downloads/misp/3e111d2f-2e0a-4d3d-816a-c48bcdaa54ef.json,3e111d2f-2e0a-4d3d-816a-c48bcdaa54ef,json,1423,2,2025-12-18T00:15:18
2025-12-18T01:11:22.680974,Alienvault-IP-Reputation,csv,https://reputation.alienvault.com/reputation.generic,,csv,609,,
2025-12-18T01:11:22.720954,abuse.ch-Bazaar,misp,https://bazaar.abuse.ch/downloads/misp//48cd7483-66ef-4d19-8dc8-11cebc39a876.json,48cd7483-66ef-4d19-8dc8-11cebc39a876,json,1896,2,2025-12-18T00:03:01
2025-12-19T01:14:36.835714,IPsum-l5,text,https://raw.githubusercontent.com/stamparm/ipsum/master/levels/5.txt,,text,3833,,
2025-12-19T01:14:36.891520,IPsum-l4,text,https://raw.githubusercontent.com/stamparm/ipsum/master/levels/4.txt,,text,9371,,
2025-12-19T01:14:38.415440,abuse.ch-SSL,csv,https://sslbl.abuse.ch/blacklist/sslblacklist.csv,,csv,8657,,
2025-12-19T01:14:38.495394,Alienvault-IP-Reputation,csv,https://reputation.alienvault.com/reputation.generic,,csv,609,,
2025-12-19T01:14:38.524104,abuse.ch-Bazaar,misp,https://bazaar.abuse.ch/downloads/misp//ad0d2f8d-5b33-4759-a22c-a769e5304d09.json,ad0d2f8d-5b33-4759-a22c-a769e5304d09,json,1016,2,2025-12-19T00:03:01
2025-12-19T01:14:38.589903,abuse.ch-URLhasus,misp,https://urlhaus.abuse.ch/downloads/misp/4a151fa9-db1a-4622-822e-ea6047920636.json,4a151fa9-db1a-4622-822e-ea6047920636,json,1057,2,2025-12-19T00:15:23
2025-12-19T01:14:45.185803,Phishtank,csv,https://data.phishtank.com/data/online-valid.csv,,csv,47099,,
2025-12-19T01:14:45.207072,abuse.ch,misp,https://threatfox.abuse.ch/downloads/misp/1ef0ad29-2689-4274-b15b-74b1ae93ca05.json,1ef0ad29-2689-4274-b15b-74b1ae93ca05,json,452,2,2025-12-19T00:03:08
2025-12-20T01:10:35.633993,IPsum-l4,text,https://raw.githubusercontent.com/stamparm/ipsum/master/levels/4.txt,,text,9782,,
2025-12-20T01:10:35.652192,IPsum-l5,text,https://raw.githubusercontent.com/stamparm/ipsum/master/levels/5.txt,,text,4042,,
2025-12-20T01:10:37.410394,abuse.ch-SSL,csv,https://sslbl.abuse.ch/blacklist/sslblacklist.csv,,csv,8659,,
2025-12-20T01:10:37.517614,Alienvault-IP-Reputation,csv,https://reputation.alienvault.com/reputation.generic,,csv,609,,
2025-12-20T01:10:37.597790,abuse.ch-URLhasus,misp,https://urlhaus.abuse.ch/downloads/misp/ccd191a2-3bac-49de-9911-10a26241649e.json,ccd191a2-3bac-49de-9911-10a26241649e,json,1226,2,2025-12-20T00:15:25
2025-12-20T01:10:37.609432,abuse.ch,misp,https://threatfox.abuse.ch/downloads/misp/d684db04-5502-4abd-9b9c-92b4c8bfb5a8.json,d684db04-5502-4abd-9b9c-92b4c8bfb5a8,json,638,2,2025-12-20T00:03:06
2025-12-20T01:10:45.883949,Phishtank,csv,https://data.phishtank.com/data/online-valid.csv,,csv,46884,,
2025-12-21T01:19:20.232227,IPsum-l4,text,https://raw.githubusercontent.com/stamparm/ipsum/master/levels/4.txt,,text,9574,,
2025-12-21T01:19:20.248445,IPsum-l5,text,https://raw.githubusercontent.com/stamparm/ipsum/master/levels/5.txt,,text,3742,,
2025-12-21T01:19:21.921776,abuse.ch-SSL,csv,https://sslbl.abuse.ch/blacklist/sslblacklist.csv,,csv,8659,,
2025-12-21T01:19:21.987971,abuse.ch-Bazaar,misp,https://bazaar.abuse.ch/downloads/misp//8556ec89-5dbd-4db4-a3b8-602a6f7e2ce4.json,8556ec89-5dbd-4db4-a3b8-602a6f7e2ce4,json,1236,2,2025-12-20T00:03:02
2025-12-21T01:19:22.072298,Alienvault-IP-Reputation,csv,https://reputation.alienvault.com/reputation.generic,,csv,609,,
2025-12-21T01:19:22.081271,abuse.ch,misp,https://threatfox.abuse.ch/downloads/misp/94ddcaea-8fcd-4494-8c4a-6f1e1b348952.json,94ddcaea-8fcd-4494-8c4a-6f1e1b348952,json,240,2,2025-12-21T00:03:08
2025-12-21T01:19:22.125603,abuse.ch-Bazaar,misp,https://bazaar.abuse.ch/downloads/misp//a2d41b29-76b8-4300-b00f-09776ea3fd36.json,a2d41b29-76b8-4300-b00f-09776ea3fd36,json,1232,2,2025-12-21T00:03:01
2025-12-21T01:19:22.160802,abuse.ch-URLhasus,misp,https://urlhaus.abuse.ch/downloads/misp/ec869289-0289-4b18-8c7e-d24717e97461.json,ec869289-0289-4b18-8c7e-d24717e97461,json,1303,2,2025-12-21T00:15:28
2025-12-22T01:17:58.742870,IPsum-l5,text,https://raw.githubusercontent.com/stamparm/ipsum/master/levels/5.txt,,text,4160,,
2025-12-22T01:17:58.782564,IPsum-l4,text,https://raw.githubusercontent.com/stamparm/ipsum/master/levels/4.txt,,text,9693,,
2025-12-22T01:18:00.497510,abuse.ch-SSL,csv,https://sslbl.abuse.ch/blacklist/sslblacklist.csv,,csv,8659,,
2025-12-22T01:18:00.576232,Alienvault-IP-Reputation,csv,https://reputation.alienvault.com/reputation.generic,,csv,609,,
2025-12-22T01:18:07.892773,Phishtank,csv,https://data.phishtank.com/data/online-valid.csv,,csv,47362,,
2025-12-22T01:18:07.986425,abuse.ch-URLhasus,misp,https://urlhaus.abuse.ch/downloads/misp/1a4f244d-3a24-43db-abab-4842e3d3778c.json,1a4f244d-3a24-43db-abab-4842e3d3778c,json,2088,2,2025-12-22T00:15:30
2025-12-22T01:18:08.034298,abuse.ch-Bazaar,misp,https://bazaar.abuse.ch/downloads/misp//409efe57-8bd3-4c39-bbab-7cb1b1b2205a.json,409efe57-8bd3-4c39-bbab-7cb1b1b2205a,json,2352,2,2025-12-22T00:03:01
2025-12-22T01:18:08.038982,abuse.ch,misp,https://threatfox.abuse.ch/downloads/misp/dcb03905-d144-4576-93c9-d81d4519d0e1.json,dcb03905-d144-4576-93c9-d81d4519d0e1,json,273,2,2025-12-22T00:03:06
2025-12-23T01:14:32.173665,IPsum-l5,text,https://raw.githubusercontent.com/stamparm/ipsum/master/levels/5.txt,,text,3145,,
2025-12-23T01:14:32.215600,IPsum-l4,text,https://raw.githubusercontent.com/stamparm/ipsum/master/levels/4.txt,,text,9062,,
2025-12-23T01:14:33.874391,abuse.ch-SSL,csv,https://sslbl.abuse.ch/blacklist/sslblacklist.csv,,csv,8665,,
2025-12-23T01:14:33.931357,Alienvault-IP-Reputation,csv,https://reputation.alienvault.com/reputation.generic,,csv,609,,
2025-12-23T01:14:41.355408,Phishtank,csv,https://data.phishtank.com/data/online-valid.csv,,csv,47226,,
2025-12-23T01:14:41.395781,abuse.ch,misp,https://threatfox.abuse.ch/downloads/misp/c312727f-1169-40ff-8b32-8490915e9697.json,c312727f-1169-40ff-8b32-8490915e9697,json,340,2,2025-12-23T00:03:07
2025-12-23T01:14:41.600437,abuse.ch-Bazaar,misp,https://bazaar.abuse.ch/downloads/misp//8ddebeb9-5932-4d17-b4e2-be95e6bf27a3.json,8ddebeb9-5932-4d17-b4e2-be95e6bf27a3,json,1880,2,2025-12-23T00:03:02
2025-12-23T01:14:41.673545,abuse.ch-URLhasus,misp,https://urlhaus.abuse.ch/downloads/misp/3476ba69-b792-416e-887d-2a95aa272369.json,3476ba69-b792-416e-887d-2a95aa272369,json,1510,2,2025-12-23T00:15:27
2025-12-24T01:13:47.234921,IPsum-l5,text,https://raw.githubusercontent.com/stamparm/ipsum/master/levels/5.txt,,text,3611,,
2025-12-24T01:13:47.342639,IPsum-l4,text,https://raw.githubusercontent.com/stamparm/ipsum/master/levels/4.txt,,text,9062,,
2025-12-24T01:13:49.104182,abuse.ch-SSL,csv,https://sslbl.abuse.ch/blacklist/sslblacklist.csv,,csv,8678,,
2025-12-24T01:13:49.128637,abuse.ch,misp,https://threatfox.abuse.ch/downloads/misp/726dcd0a-65f4-4430-a3b9-2b7bfbfc0d87.json,726dcd0a-65f4-4430-a3b9-2b7bfbfc0d87,json,436,2,2025-12-24T00:03:07
2025-12-24T01:13:49.161015,abuse.ch-URLhasus,misp,https://urlhaus.abuse.ch/downloads/misp/6e8167b8-6c4c-4016-b74d-f908aca2680a.json,6e8167b8-6c4c-4016-b74d-f908aca2680a,json,1457,2,2025-12-24T00:15:27
2025-12-24T01:13:49.262863,Alienvault-IP-Reputation,csv,https://reputation.alienvault.com/reputation.generic,,csv,609,,
2025-12-24T01:13:56.448740,Phishtank,csv,https://data.phishtank.com/data/online-valid.csv,,csv,47337,,
2025-12-24T01:13:56.515568,abuse.ch-Bazaar,misp,https://bazaar.abuse.ch/downloads/misp//757c73dd-fe1e-45f4-8e2a-09d724651cb5.json,757c73dd-fe1e-45f4-8e2a-09d724651cb5,json,2468,2,2025-12-24T00:03:02
2025-12-25T01:14:23.448064,IPsum-l5,text,https://raw.githubusercontent.com/stamparm/ipsum/master/levels/5.txt,,text,3232,,
2025-12-25T01:14:23.483757,IPsum-l4,text,https://raw.githubusercontent.com/stamparm/ipsum/master/levels/4.txt,,text,8320,,
2025-12-25T01:14:25.153310,abuse.ch-SSL,csv,https://sslbl.abuse.ch/blacklist/sslblacklist.csv,,csv,8681,,
2025-12-25T01:14:25.199800,abuse.ch-Bazaar,misp,https://bazaar.abuse.ch/downloads/misp//e3b49ad7-5768-4d96-aa76-9038f5f50ba7.json,e3b49ad7-5768-4d96-aa76-9038f5f50ba7,json,1804,2,2025-12-25T00:03:02
2025-12-25T01:14:25.263029,Alienvault-IP-Reputation,csv,https://reputation.alienvault.com/reputation.generic,,csv,609,,
2025-12-25T01:14:25.455132,abuse.ch,misp,https://threatfox.abuse.ch/downloads/misp/e9e7fe16-3027-4cbe-9a2b-23b816ae73e2.json,e9e7fe16-3027-4cbe-9a2b-23b816ae73e2,json,354,2,2025-12-25T00:03:09
2025-12-25T01:14:25.666967,abuse.ch-URLhasus,misp,https://urlhaus.abuse.ch/downloads/misp/d29c1bba-adea-48df-a88e-84601013b4d6.json,d29c1bba-adea-48df-a88e-84601013b4d6,json,1794,2,2025-12-25T00:15:23
2025-12-25T01:14:32.968232,Phishtank,csv,https://data.phishtank.com/data/online-valid.csv,,csv,47130,,
2025-12-26T01:14:29.866500,IPsum-l5,text,https://raw.githubusercontent.com/stamparm/ipsum/master/levels/5.txt,,text,1644,,
2025-12-26T01:14:29.896625,IPsum-l4,text,https://raw.githubusercontent.com/stamparm/ipsum/master/levels/4.txt,,text,7264,,
2025-12-26T01:14:30.091807,Alienvault-IP-Reputation,csv,https://reputation.alienvault.com/reputation.generic,,csv,609,,
2025-12-26T01:14:31.768759,abuse.ch-SSL,csv,https://sslbl.abuse.ch/blacklist/sslblacklist.csv,,csv,8689,,
2025-12-26T01:14:31.787538,abuse.ch,misp,https://threatfox.abuse.ch/downloads/misp/457ec6ac-0d47-426b-9e62-aecc062ca991.json,457ec6ac-0d47-426b-9e62-aecc062ca991,json,475,2,2025-12-26T00:03:08
2025-12-26T01:14:38.808759,Phishtank,csv,https://data.phishtank.com/data/online-valid.csv,,csv,46942,,
2025-12-26T01:14:38.861405,abuse.ch-URLhasus,misp,https://urlhaus.abuse.ch/downloads/misp/e726761b-3a6a-4921-8d02-a0af7d90cec5.json,e726761b-3a6a-4921-8d02-a0af7d90cec5,json,1471,2,2025-12-26T00:15:23
2025-12-26T01:14:38.921521,abuse.ch-Bazaar,misp,https://bazaar.abuse.ch/downloads/misp//8915613f-4d9a-4305-97b0-177bfbd42746.json,8915613f-4d9a-4305-97b0-177bfbd42746,json,1888,2,2025-12-26T00:03:01
2025-12-27T01:12:53.312003,IPsum-l5,text,https://raw.githubusercontent.com/stamparm/ipsum/master/levels/5.txt,,text,2791,,
2025-12-27T01:12:53.346127,IPsum-l4,text,https://raw.githubusercontent.com/stamparm/ipsum/master/levels/4.txt,,text,8473,,
2025-12-27T01:12:53.424597,Alienvault-IP-Reputation,csv,https://reputation.alienvault.com/reputation.generic,,csv,609,,
2025-12-27T01:12:55.174911,abuse.ch-SSL,csv,https://sslbl.abuse.ch/blacklist/sslblacklist.csv,,csv,8690,,
2025-12-27T01:12:55.187349,abuse.ch,misp,https://threatfox.abuse.ch/downloads/misp/cd69c6e9-7c5e-4aa5-8cf8-06581794ad3d.json,cd69c6e9-7c5e-4aa5-8cf8-06581794ad3d,json,410,2,2025-12-27T00:03:06
2025-12-27T01:12:55.210029,abuse.ch-URLhasus,misp,https://urlhaus.abuse.ch/downloads/misp/572f4b58-3d4a-45a6-ba3a-e7b91ee40a12.json,572f4b58-3d4a-45a6-ba3a-e7b91ee40a12,json,1044,2,2025-12-27T00:15:23
2025-12-28T01:22:53.530732,IPsum-l5,text,https://raw.githubusercontent.com/stamparm/ipsum/master/levels/5.txt,,text,2823,,
2025-12-28T01:22:53.566399,IPsum-l4,text,https://raw.githubusercontent.com/stamparm/ipsum/master/levels/4.txt,,text,8578,,
2025-12-28T01:22:55.247034,abuse.ch-SSL,csv,https://sslbl.abuse.ch/blacklist/sslblacklist.csv,,csv,8693,,
2025-12-28T01:22:55.339111,Alienvault-IP-Reputation,csv,https://reputation.alienvault.com/reputation.generic,,csv,609,,
2025-12-28T01:22:55.388670,abuse.ch,misp,https://threatfox.abuse.ch/downloads/misp/19c332a3-5fb6-4a65-a5be-134c14db5a20.json,19c332a3-5fb6-4a65-a5be-134c14db5a20,json,331,2,2025-12-28T00:03:06
2025-12-28T01:22:55.422367,abuse.ch-URLhasus,misp,https://urlhaus.abuse.ch/downloads/misp/6ace02a1-2fe8-476d-a562-49414e95fb34.json,6ace02a1-2fe8-476d-a562-49414e95fb34,json,973,2,2025-12-28T00:15:23
2025-12-28T01:22:55.530324,abuse.ch-Bazaar,misp,https://bazaar.abuse.ch/downloads/misp//4b090496-a2bc-44fa-a19c-5fabe439978c.json,4b090496-a2bc-44fa-a19c-5fabe439978c,json,3136,2,2025-12-28T00:03:02
2025-12-28T01:22:55.606482,abuse.ch-Bazaar,misp,https://bazaar.abuse.ch/downloads/misp//660954e0-a66d-48e5-b54b-2d16cd6b5c96.json,660954e0-a66d-48e5-b54b-2d16cd6b5c96,json,2740,2,2025-12-27T00:03:01
2025-12-28T01:23:02.797826,Phishtank,csv,https://data.phishtank.com/data/online-valid.csv,,csv,46758,,
2025-12-29T01:20:30.404180,IPsum-l5,text,https://raw.githubusercontent.com/stamparm/ipsum/master/levels/5.txt,,text,3000,,
2025-12-29T01:20:30.510264,IPsum-l4,text,https://raw.githubusercontent.com/stamparm/ipsum/master/levels/4.txt,,text,8663,,
2025-12-29T01:20:30.598504,Alienvault-IP-Reputation,csv,https://reputation.alienvault.com/reputation.generic,,csv,609,,
2025-12-29T01:20:32.278480,abuse.ch-SSL,csv,https://sslbl.abuse.ch/blacklist/sslblacklist.csv,,csv,8697,,
2025-12-29T01:20:32.295917,abuse.ch,misp,https://threatfox.abuse.ch/downloads/misp/5ae18dc3-5325-4664-b00d-21cd10155b28.json,5ae18dc3-5325-4664-b00d-21cd10155b28,json,474,2,2025-12-29T00:03:06
2025-12-29T01:20:32.360862,abuse.ch-Bazaar,misp,https://bazaar.abuse.ch/downloads/misp//9af45733-1612-495a-a09d-eb98f1e2d07c.json,9af45733-1612-495a-a09d-eb98f1e2d07c,json,2392,2,2025-12-29T00:03:02
2025-12-29T01:20:32.518111,abuse.ch-URLhasus,misp,https://urlhaus.abuse.ch/downloads/misp/32e2aef0-5e5d-47a7-aacb-631dc577a172.json,32e2aef0-5e5d-47a7-aacb-631dc577a172,json,986,2,2025-12-29T00:15:20
2025-12-29T01:20:40.246236,Phishtank,csv,https://data.phishtank.com/data/online-valid.csv,,csv,46786,,
2025-12-30T01:14:48.856369,IPsum-l5,text,https://raw.githubusercontent.com/stamparm/ipsum/master/levels/5.txt,,text,3137,,
2025-12-30T01:14:48.896865,IPsum-l4,text,https://raw.githubusercontent.com/stamparm/ipsum/master/levels/4.txt,,text,8479,,
2025-12-30T01:14:48.945913,Alienvault-IP-Reputation,csv,https://reputation.alienvault.com/reputation.generic,,csv,609,,
2025-12-30T01:14:50.622978,abuse.ch-SSL,csv,https://sslbl.abuse.ch/blacklist/sslblacklist.csv,,csv,8702,,
2025-12-30T01:14:50.692708,abuse.ch-URLhasus,misp,https://urlhaus.abuse.ch/downloads/misp/545cc529-52cb-4a0c-8a82-094bbdd33aaa.json,545cc529-52cb-4a0c-8a82-094bbdd33aaa,json,1104,2,2025-12-30T00:15:22
2025-12-30T01:14:57.766373,Phishtank,csv,https://data.phishtank.com/data/online-valid.csv,,csv,46606,,
2025-12-30T01:14:57.791719,abuse.ch,misp,https://threatfox.abuse.ch/downloads/misp/00df263f-c2ee-4350-ad1b-d156f29d9123.json,00df263f-c2ee-4350-ad1b-d156f29d9123,json,352,2,2025-12-30T00:03:06
2025-12-30T01:14:57.881820,abuse.ch-Bazaar,misp,https://bazaar.abuse.ch/downloads/misp//d5d13a40-9969-40a7-8a9b-f82e5bbd97aa.json,d5d13a40-9969-40a7-8a9b-f82e5bbd97aa,json,3312,2,2025-12-30T00:03:02
2025-12-31T01:16:14.423777,IPsum-l5,text,https://raw.githubusercontent.com/stamparm/ipsum/master/levels/5.txt,,text,3706,,
2025-12-31T01:16:14.528215,abuse.ch-Bazaar,misp,https://bazaar.abuse.ch/downloads/misp//68d47956-ce35-4a55-afca-30a885e392a0.json,68d47956-ce35-4a55-afca-30a885e392a0,json,3076,2,2025-12-31T00:03:01
2025-12-31T01:16:14.588045,IPsum-l4,text,https://raw.githubusercontent.com/stamparm/ipsum/master/levels/4.txt,,text,9956,,
2025-12-31T01:16:16.254992,abuse.ch-SSL,csv,https://sslbl.abuse.ch/blacklist/sslblacklist.csv,,csv,8706,,
2025-12-31T01:16:16.268981,abuse.ch,misp,https://threatfox.abuse.ch/downloads/misp/97b24c95-0d19-4fff-81dc-0e8a5bebfaac.json,97b24c95-0d19-4fff-81dc-0e8a5bebfaac,json,752,2,2025-12-31T00:03:06
2025-12-31T01:16:16.296265,abuse.ch-URLhasus,misp,https://urlhaus.abuse.ch/downloads/misp/c4d88814-52f9-4cd1-96c0-04151239414f.json,c4d88814-52f9-4cd1-96c0-04151239414f,json,1177,2,2025-12-31T00:15:23
2025-12-31T01:16:16.343726,Alienvault-IP-Reputation,csv,https://reputation.alienvault.com/reputation.generic,,csv,609,,
2026-01-01T01:22:39.416465,IPsum-l4,text,https://raw.githubusercontent.com/stamparm/ipsum/master/levels/4.txt,,text,10171,,
2026-01-01T01:22:39.434638,IPsum-l5,text,https://raw.githubusercontent.com/stamparm/ipsum/master/levels/5.txt,,text,4053,,
2026-01-01T01:22:39.645533,Alienvault-IP-Reputation,csv,https://reputation.alienvault.com/reputation.generic,,csv,609,,
2026-01-01T01:22:39.732427,abuse.ch-Bazaar,misp,https://bazaar.abuse.ch/downloads/misp//c63b828f-4ce8-4ffd-ac02-77ee9235edd6.json,c63b828f-4ce8-4ffd-ac02-77ee9235edd6,json,1884,2,2026-01-01T00:03:01
2026-01-01T01:22:41.356241,abuse.ch-SSL,csv,https://sslbl.abuse.ch/blacklist/sslblacklist.csv,,csv,8706,,
2026-01-01T01:22:41.396163,abuse.ch-URLhasus,misp,https://urlhaus.abuse.ch/downloads/misp/00b18fe2-6c94-4950-b868-a8689729f142.json,00b18fe2-6c94-4950-b868-a8689729f142,json,973,2,2026-01-01T00:15:21
2026-01-01T01:22:48.558872,Phishtank,csv,https://data.phishtank.com/data/online-valid.csv,,csv,46454,,
2026-01-01T01:22:48.578611,abuse.ch,misp,https://threatfox.abuse.ch/downloads/misp/08c4cd57-7af0-43ea-8c1c-7bfcf2d702e7.json,08c4cd57-7af0-43ea-8c1c-7bfcf2d702e7,json,233,2,2026-01-01T00:03:06
2026-01-02T01:16:50.017174,IPsum-l5,text,https://raw.githubusercontent.com/stamparm/ipsum/master/levels/5.txt,,text,3780,,
2026-01-02T01:16:50.057916,IPsum-l4,text,https://raw.githubusercontent.com/stamparm/ipsum/master/levels/4.txt,,text,9481,,
2026-01-02T01:16:50.145229,abuse.ch-Bazaar,misp,https://bazaar.abuse.ch/downloads/misp//4459af91-e865-4369-9ac2-9202e9cd5a62.json,4459af91-e865-4369-9ac2-9202e9cd5a62,json,2048,2,2026-01-02T00:03:01
2026-01-02T01:16:51.797996,abuse.ch-SSL,csv,https://sslbl.abuse.ch/blacklist/sslblacklist.csv,,csv,8711,,
2026-01-02T01:16:51.861211,Alienvault-IP-Reputation,csv,https://reputation.alienvault.com/reputation.generic,,csv,609,,
2026-01-02T01:16:58.953633,Phishtank,csv,https://data.phishtank.com/data/online-valid.csv,,csv,46220,,
2026-01-02T01:16:59.011567,abuse.ch,misp,https://threatfox.abuse.ch/downloads/misp/657953b9-fc46-468e-a036-eee635da1c72.json,657953b9-fc46-468e-a036-eee635da1c72,json,110,2,2026-01-02T00:03:07
2026-01-02T01:16:59.165356,abuse.ch-URLhasus,misp,https://urlhaus.abuse.ch/downloads/misp/9a499c05-6c66-423f-93cf-8fa16b161502.json,9a499c05-6c66-423f-93cf-8fa16b161502,json,1917,2,2026-01-02T00:15:21
2026-01-03T01:11:43.803162,IPsum-l5,text,https://raw.githubusercontent.com/stamparm/ipsum/master/levels/5.txt,,text,4144,,
2026-01-03T01:11:43.868028,IPsum-l4,text,https://raw.githubusercontent.com/stamparm/ipsum/master/levels/4.txt,,text,10490,,
2026-01-03T01:11:45.209877,abuse.ch-SSL,csv,https://sslbl.abuse.ch/blacklist/sslblacklist.csv,,csv,8711,,
2026-01-03T01:11:45.271714,Alienvault-IP-Reputation,csv,https://reputation.alienvault.com/reputation.generic,,csv,609,,
2026-01-03T01:11:45.370290,abuse.ch-Bazaar,misp,https://bazaar.abuse.ch/downloads/misp//59ae1aef-33f8-4e20-bfcc-98fea6f32c21.json,59ae1aef-33f8-4e20-bfcc-98fea6f32c21,json,3200,2,2026-01-03T00:03:01
2026-01-03T01:11:45.395633,abuse.ch-URLhasus,misp,https://urlhaus.abuse.ch/downloads/misp/2782a1f5-0b8e-4c83-a8c0-1e82c05f020b.json,2782a1f5-0b8e-4c83-a8c0-1e82c05f020b,json,933,2,2026-01-03T00:15:21
2026-01-03T01:11:50.852881,Phishtank,csv,https://data.phishtank.com/data/online-valid.csv,,csv,46228,,
2026-01-03T01:11:50.869320,abuse.ch,misp,https://threatfox.abuse.ch/downloads/misp/22aa845f-d456-45df-8877-490a2be558ae.json,22aa845f-d456-45df-8877-490a2be558ae,json,310,2,2026-01-03T00:03:07
2026-01-04T01:23:47.218638,IPsum-l4,text,https://raw.githubusercontent.com/stamparm/ipsum/master/levels/4.txt,,text,9234,,
2026-01-04T01:23:47.237273,IPsum-l5,text,https://raw.githubusercontent.com/stamparm/ipsum/master/levels/5.txt,,text,4178,,
2026-01-04T01:23:49.020477,abuse.ch-SSL,csv,https://sslbl.abuse.ch/blacklist/sslblacklist.csv,,csv,8711,,
2026-01-04T01:23:49.056276,abuse.ch-URLhasus,misp,https://urlhaus.abuse.ch/downloads/misp/f8956b09-0e9a-48b6-af78-21333f3eb8da.json,f8956b09-0e9a-48b6-af78-21333f3eb8da,json,786,2,2026-01-04T00:15:22
2026-01-04T01:23:49.109882,abuse.ch-Bazaar,misp,https://bazaar.abuse.ch/downloads/misp//39017587-5703-4171-9ce9-3c8d4b83f318.json,39017587-5703-4171-9ce9-3c8d4b83f318,json,1744,2,2026-01-04T00:03:01
2026-01-04T01:23:49.174250,Alienvault-IP-Reputation,csv,https://reputation.alienvault.com/reputation.generic,,csv,609,,
2026-01-04T01:23:56.155959,Phishtank,csv,https://data.phishtank.com/data/online-valid.csv,,csv,46065,,
2026-01-04T01:23:56.175222,abuse.ch,misp,https://threatfox.abuse.ch/downloads/misp/d024121e-48cd-4230-90d8-cbaa1f73026f.json,d024121e-48cd-4230-90d8-cbaa1f73026f,json,146,2,2026-01-04T00:03:07
2026-01-05T01:22:36.380267,IPsum-l5,text,https://raw.githubusercontent.com/stamparm/ipsum/master/levels/5.txt,,text,3457,,
2026-01-05T01:22:36.417144,IPsum-l4,text,https://raw.githubusercontent.com/stamparm/ipsum/master/levels/4.txt,,text,9161,,
2026-01-05T01:22:36.600556,Alienvault-IP-Reputation,csv,https://reputation.alienvault.com/reputation.generic,,csv,609,,
2026-01-05T01:22:36.668383,abuse.ch,misp,https://threatfox.abuse.ch/downloads/misp/56791dab-0d4c-4955-af5e-9766b721c80a.json,56791dab-0d4c-4955-af5e-9766b721c80a,json,372,2,2026-01-05T00:03:07
2026-01-05T01:22:38.338949,abuse.ch-SSL,csv,https://sslbl.abuse.ch/blacklist/sslblacklist.csv,,csv,8711,,
2026-01-05T01:22:38.411995,abuse.ch-Bazaar,misp,https://bazaar.abuse.ch/downloads/misp//215d150c-6705-49ce-a225-c083e4691125.json,215d150c-6705-49ce-a225-c083e4691125,json,2168,2,2026-01-05T00:03:01
2026-01-05T01:22:38.491846,abuse.ch-URLhasus,misp,https://urlhaus.abuse.ch/downloads/misp/0017866a-9ace-4c9b-9b15-d6b60555c1dd.json,0017866a-9ace-4c9b-9b15-d6b60555c1dd,json,751,2,2026-01-05T00:15:23
2026-01-06T01:16:21.992585,IPsum-l5,text,https://raw.githubusercontent.com/stamparm/ipsum/master/levels/5.txt,,text,3831,,
2026-01-06T01:16:22.027364,IPsum-l4,text,https://raw.githubusercontent.com/stamparm/ipsum/master/levels/4.txt,,text,9141,,
2026-01-06T01:16:22.111645,Alienvault-IP-Reputation,csv,https://reputation.alienvault.com/reputation.generic,,csv,609,,
2026-01-06T01:16:22.539041,abuse.ch,misp,https://threatfox.abuse.ch/downloads/misp/ad0d4994-d4e9-4ab7-8b80-41a45ba12954.json,ad0d4994-d4e9-4ab7-8b80-41a45ba12954,json,463,2,2026-01-06T00:03:07
2026-01-06T01:16:22.581255,abuse.ch-URLhasus,misp,https://urlhaus.abuse.ch/downloads/misp/4dfc526b-2663-4108-9ddf-d3db3bc7771d.json,4dfc526b-2663-4108-9ddf-d3db3bc7771d,json,1016,2,2026-01-06T00:15:22
2026-01-06T01:16:22.843168,abuse.ch-Bazaar,misp,https://bazaar.abuse.ch/downloads/misp//2d0edf13-a8a6-428f-bef2-61606829c31b.json,2d0edf13-a8a6-428f-bef2-61606829c31b,json,2196,2,2026-01-06T00:03:01
2026-01-06T01:16:24.498713,abuse.ch-SSL,csv,https://sslbl.abuse.ch/blacklist/sslblacklist.csv,,csv,8711,,
2026-01-07T01:16:26.438680,IPsum-l5,text,https://raw.githubusercontent.com/stamparm/ipsum/master/levels/5.txt,,text,3866,,
2026-01-07T01:16:26.501640,IPsum-l4,text,https://raw.githubusercontent.com/stamparm/ipsum/master/levels/4.txt,,text,9393,,
2026-01-07T01:16:26.589751,abuse.ch-Bazaar,misp,https://bazaar.abuse.ch/downloads/misp//aa68ceb1-2944-4713-9042-f8695b621477.json,aa68ceb1-2944-4713-9042-f8695b621477,json,1096,2,2026-01-07T00:03:02
2026-01-07T01:16:28.326317,abuse.ch-SSL,csv,https://sslbl.abuse.ch/blacklist/sslblacklist.csv,,csv,8726,,
2026-01-07T01:16:28.370302,abuse.ch-URLhasus,misp,https://urlhaus.abuse.ch/downloads/misp/5fdea1ed-f78a-45bb-965b-f9b3b150a157.json,5fdea1ed-f78a-45bb-965b-f9b3b150a157,json,1051,2,2026-01-07T00:15:24
2026-01-07T01:16:35.417592,Phishtank,csv,https://data.phishtank.com/data/online-valid.csv,,csv,46068,,
2026-01-07T01:16:35.438718,abuse.ch,misp,https://threatfox.abuse.ch/downloads/misp/6e727437-21b8-44b6-8c33-86320e3ccb3f.json,6e727437-21b8-44b6-8c33-86320e3ccb3f,json,474,2,2026-01-07T00:03:07
2026-01-07T01:16:35.476855,Alienvault-IP-Reputation,csv,https://reputation.alienvault.com/reputation.generic,,csv,609,,
2026-01-08T01:17:08.009086,IPsum-l5,text,https://raw.githubusercontent.com/stamparm/ipsum/master/levels/5.txt,,text,4506,,
2026-01-08T01:17:08.111863,IPsum-l4,text,https://raw.githubusercontent.com/stamparm/ipsum/master/levels/4.txt,,text,9905,,
2026-01-08T01:17:09.777720,abuse.ch-SSL,csv,https://sslbl.abuse.ch/blacklist/sslblacklist.csv,,csv,8737,,
2026-01-08T01:17:09.893997,Alienvault-IP-Reputation,csv,https://reputation.alienvault.com/reputation.generic,,csv,609,,
2026-01-08T01:17:09.953418,abuse.ch,misp,https://threatfox.abuse.ch/downloads/misp/17694746-3c10-475e-bc11-9caf42920a6d.json,17694746-3c10-475e-bc11-9caf42920a6d,json,568,2,2026-01-08T00:03:07
2026-01-08T01:17:09.986687,abuse.ch-URLhasus,misp,https://urlhaus.abuse.ch/downloads/misp/c9e12b44-e5c9-4607-b0dd-95f077decf3e.json,c9e12b44-e5c9-4607-b0dd-95f077decf3e,json,1058,2,2026-01-08T00:15:26
2026-01-08T01:17:10.158464,abuse.ch-Bazaar,misp,https://bazaar.abuse.ch/downloads/misp//21845302-137c-4cee-b412-5e0bca4ae506.json,21845302-137c-4cee-b412-5e0bca4ae506,json,1000,2,2026-01-08T00:03:01
2026-01-08T01:17:17.335384,Phishtank,csv,https://data.phishtank.com/data/online-valid.csv,,csv,46178,,
2026-01-09T01:17:22.247071,IPsum-l5,text,https://raw.githubusercontent.com/stamparm/ipsum/master/levels/5.txt,,text,3697,,
2026-01-09T01:17:22.281121,abuse.ch-Bazaar,misp,https://bazaar.abuse.ch/downloads/misp//bbdb8d77-6990-40eb-96c0-98dc7ae616e1.json,bbdb8d77-6990-40eb-96c0-98dc7ae616e1,json,872,2,2026-01-09T00:03:02
2026-01-09T01:17:22.320421,IPsum-l4,text,https://raw.githubusercontent.com/stamparm/ipsum/master/levels/4.txt,,text,9588,,
2026-01-09T01:17:24.015448,abuse.ch-SSL,csv,https://sslbl.abuse.ch/blacklist/sslblacklist.csv,,csv,8745,,
2026-01-09T01:17:24.058741,Alienvault-IP-Reputation,csv,https://reputation.alienvault.com/reputation.generic,,csv,609,,
2026-01-09T01:17:24.185799,abuse.ch,misp,https://threatfox.abuse.ch/downloads/misp/2175ac78-60cf-4976-a3bf-087287bf7503.json,2175ac78-60cf-4976-a3bf-087287bf7503,json,584,2,2026-01-09T00:03:07
2026-01-09T01:17:24.219181,abuse.ch-URLhasus,misp,https://urlhaus.abuse.ch/downloads/misp/8333b88c-705f-4ad6-a145-120d537ef262.json,8333b88c-705f-4ad6-a145-120d537ef262,json,1346,2,2026-01-09T00:15:22
2026-01-09T01:17:31.382056,Phishtank,csv,https://data.phishtank.com/data/online-valid.csv,,csv,46213,,
2026-01-10T01:14:27.729952,IPsum-l5,text,https://raw.githubusercontent.com/stamparm/ipsum/master/levels/5.txt,,text,3794,,
2026-01-10T01:14:27.771446,IPsum-l4,text,https://raw.githubusercontent.com/stamparm/ipsum/master/levels/4.txt,,text,9797,,
2026-01-10T01:14:27.835695,Alienvault-IP-Reputation,csv,https://reputation.alienvault.com/reputation.generic,,csv,609,,
2026-01-10T01:14:27.930311,abuse.ch-Bazaar,misp,https://bazaar.abuse.ch/downloads/misp//272df5d6-6890-4885-a572-b9955d3479ed.json,272df5d6-6890-4885-a572-b9955d3479ed,json,1908,2,2026-01-10T00:03:01
2026-01-10T01:14:29.646413,abuse.ch-SSL,csv,https://sslbl.abuse.ch/blacklist/sslblacklist.csv,,csv,8756,,
2026-01-10T01:14:29.699096,abuse.ch-URLhasus,misp,https://urlhaus.abuse.ch/downloads/misp/87358499-9b8f-4ccf-b8aa-0bbb6c2743c4.json,87358499-9b8f-4ccf-b8aa-0bbb6c2743c4,json,1722,2,2026-01-10T00:15:22
2026-01-10T01:14:29.845784,abuse.ch,misp,https://threatfox.abuse.ch/downloads/misp/b92af6c6-f755-44aa-9313-53ba2691d9bd.json,b92af6c6-f755-44aa-9313-53ba2691d9bd,json,6884,2,2026-01-10T00:03:08
2026-01-10T01:14:37.056793,Phishtank,csv,https://data.phishtank.com/data/online-valid.csv,,csv,46107,,
2026-01-11T01:23:31.310510,IPsum-l4,text,https://raw.githubusercontent.com/stamparm/ipsum/master/levels/4.txt,,text,9868,,
2026-01-11T01:23:31.336698,IPsum-l5,text,https://raw.githubusercontent.com/stamparm/ipsum/master/levels/5.txt,,text,3792,,
2026-01-11T01:23:31.497491,Alienvault-IP-Reputation,csv,https://reputation.alienvault.com/reputation.generic,,csv,609,,
2026-01-11T01:23:38.492258,Phishtank,csv,https://data.phishtank.com/data/online-valid.csv,,csv,46070,,
2026-01-11T01:23:40.195948,abuse.ch-SSL,csv,https://sslbl.abuse.ch/blacklist/sslblacklist.csv,,csv,8763,,
2026-01-11T01:23:40.207616,abuse.ch,misp,https://threatfox.abuse.ch/downloads/misp/e4f321e2-2261-40f3-9b87-485c47760204.json,e4f321e2-2261-40f3-9b87-485c47760204,json,425,2,2026-01-11T00:03:07
2026-01-11T01:23:40.255949,abuse.ch-URLhasus,misp,https://urlhaus.abuse.ch/downloads/misp/60c86b1d-9f10-4fed-b3de-ce6cb429b0d6.json,60c86b1d-9f10-4fed-b3de-ce6cb429b0d6,json,980,2,2026-01-11T00:15:23
2026-01-11T01:23:40.283107,abuse.ch-Bazaar,misp,https://bazaar.abuse.ch/downloads/misp//aa7e3f43-27f6-4879-ad48-3ae056b50a33.json,aa7e3f43-27f6-4879-ad48-3ae056b50a33,json,1216,2,2026-01-11T00:03:02
2026-01-12T01:20:06.838797,IPsum-l4,text,https://raw.githubusercontent.com/stamparm/ipsum/master/levels/4.txt,,text,9850,,
2026-01-12T01:20:06.854366,IPsum-l5,text,https://raw.githubusercontent.com/stamparm/ipsum/master/levels/5.txt,,text,4050,,
2026-01-12T01:20:06.977615,Alienvault-IP-Reputation,csv,https://reputation.alienvault.com/reputation.generic,,csv,609,,
2026-01-12T01:20:08.318943,abuse.ch-SSL,csv,https://sslbl.abuse.ch/blacklist/sslblacklist.csv,,csv,8763,,
2026-01-12T01:20:08.331862,abuse.ch,misp,https://threatfox.abuse.ch/downloads/misp/aa948e09-a109-476c-9838-cbe6269f3e91.json,aa948e09-a109-476c-9838-cbe6269f3e91,json,191,2,2026-01-12T00:03:07
2026-01-12T01:20:08.363357,abuse.ch-URLhasus,misp,https://urlhaus.abuse.ch/downloads/misp/034d6b42-57c9-46d9-9a52-9b756dc89ff3.json,034d6b42-57c9-46d9-9a52-9b756dc89ff3,json,1460,2,2026-01-12T00:15:22
2026-01-12T01:20:13.652924,Phishtank,csv,https://data.phishtank.com/data/online-valid.csv,,csv,45905,,
2026-01-13T01:13:36.533709,IPsum-l5,text,https://raw.githubusercontent.com/stamparm/ipsum/master/levels/5.txt,,text,4044,,
2026-01-13T01:13:38.224217,abuse.ch-SSL,csv,https://sslbl.abuse.ch/blacklist/sslblacklist.csv,,csv,8774,,
2026-01-13T01:13:38.283261,IPsum-l4,text,https://raw.githubusercontent.com/stamparm/ipsum/master/levels/4.txt,,text,9989,,
2026-01-13T01:13:38.347288,Alienvault-IP-Reputation,csv,https://reputation.alienvault.com/reputation.generic,,csv,609,,
2026-01-13T01:13:45.685544,Phishtank,csv,https://data.phishtank.com/data/online-valid.csv,,csv,46090,,
2026-01-13T01:13:45.804289,abuse.ch-Bazaar,misp,https://bazaar.abuse.ch/downloads/misp//e2519404-cbf8-4712-9779-be90eb107b36.json,e2519404-cbf8-4712-9779-be90eb107b36,json,2196,2,2026-01-13T00:03:02
2026-01-13T01:13:45.830402,abuse.ch-URLhasus,misp,https://urlhaus.abuse.ch/downloads/misp/69ded751-ae28-4fb0-99c0-695d219f9e44.json,69ded751-ae28-4fb0-99c0-695d219f9e44,json,1232,2,2026-01-13T00:15:22
2026-01-13T01:13:45.872929,abuse.ch-Bazaar,misp,https://bazaar.abuse.ch/downloads/misp//7388160c-7cb4-4e24-9099-a9329875f216.json,7388160c-7cb4-4e24-9099-a9329875f216,json,2184,2,2026-01-12T00:03:01
2026-01-13T01:13:46.172285,abuse.ch,misp,https://threatfox.abuse.ch/downloads/misp/0114828a-6f12-41ce-ae67-7e89f1ddfd31.json,0114828a-6f12-41ce-ae67-7e89f1ddfd31,json,12282,2,2026-01-13T00:03:12
2026-01-14T01:19:29.148309,IPsum-l4,text,https://raw.githubusercontent.com/stamparm/ipsum/master/levels/4.txt,,text,10400,,
2026-01-14T01:19:29.217630,IPsum-l5,text,https://raw.githubusercontent.com/stamparm/ipsum/master/levels/5.txt,,text,4242,,
2026-01-14T01:19:31.027654,abuse.ch-SSL,csv,https://sslbl.abuse.ch/blacklist/sslblacklist.csv,,csv,8777,,
2026-01-14T01:19:31.088000,Alienvault-IP-Reputation,csv,https://reputation.alienvault.com/reputation.generic,,csv,609,,
2026-01-14T01:19:31.528442,abuse.ch,misp,https://threatfox.abuse.ch/downloads/misp/9c714fe1-08ef-48f4-9f5d-679787e0658a.json,9c714fe1-08ef-48f4-9f5d-679787e0658a,json,18458,2,2026-01-14T00:03:09
2026-01-14T01:19:31.565299,abuse.ch-Bazaar,misp,https://bazaar.abuse.ch/downloads/misp//28168916-60eb-4ccd-a4e3-ae0afe151880.json,28168916-60eb-4ccd-a4e3-ae0afe151880,json,1112,2,2026-01-14T00:03:01
2026-01-14T01:19:31.591243,abuse.ch-URLhasus,misp,https://urlhaus.abuse.ch/downloads/misp/b87818b3-ec48-4461-b0f9-8347e25da2d8.json,b87818b3-ec48-4461-b0f9-8347e25da2d8,json,1185,2,2026-01-14T00:15:22
2026-01-14T01:19:38.670058,Phishtank,csv,https://data.phishtank.com/data/online-valid.csv,,csv,46102,,
2026-01-15T01:15:09.803948,IPsum-l5,text,https://raw.githubusercontent.com/stamparm/ipsum/master/levels/5.txt,,text,4400,,
2026-01-15T01:15:09.845516,IPsum-l4,text,https://raw.githubusercontent.com/stamparm/ipsum/master/levels/4.txt,,text,10547,,
2026-01-15T01:15:10.066732,abuse.ch-Bazaar,misp,https://bazaar.abuse.ch/downloads/misp//a6b43517-fff5-4f01-816c-d3c9ba58f723.json,a6b43517-fff5-4f01-816c-d3c9ba58f723,json,1012,2,2026-01-15T00:03:01
2026-01-15T01:15:10.119234,Alienvault-IP-Reputation,csv,https://reputation.alienvault.com/reputation.generic,,csv,609,,
2026-01-15T01:15:10.130552,abuse.ch,misp,https://threatfox.abuse.ch/downloads/misp/9a221dff-1d04-4174-a17c-1d1ea1f70764.json,9a221dff-1d04-4174-a17c-1d1ea1f70764,json,259,2,2026-01-15T00:03:07
2026-01-15T01:15:17.298061,Phishtank,csv,https://data.phishtank.com/data/online-valid.csv,,csv,46246,,
2026-01-15T01:15:17.328949,abuse.ch-URLhasus,misp,https://urlhaus.abuse.ch/downloads/misp/a8984dc9-039c-4320-8b22-22fc58a1a9bc.json,a8984dc9-039c-4320-8b22-22fc58a1a9bc,json,658,2,2026-01-15T00:15:22
2026-01-15T01:15:19.114952,abuse.ch-SSL,csv,https://sslbl.abuse.ch/blacklist/sslblacklist.csv,,csv,8778,,
2026-01-16T01:17:31.258946,IPsum-l5,text,https://raw.githubusercontent.com/stamparm/ipsum/master/levels/5.txt,,text,4062,,
2026-01-16T01:17:31.328608,IPsum-l4,text,https://raw.githubusercontent.com/stamparm/ipsum/master/levels/4.txt,,text,10151,,
2026-01-16T01:17:31.670681,Alienvault-IP-Reputation,csv,https://reputation.alienvault.com/reputation.generic,,csv,609,,
2026-01-16T01:17:33.000858,abuse.ch-SSL,csv,https://sslbl.abuse.ch/blacklist/sslblacklist.csv,,csv,8800,,
2026-01-16T01:17:33.011784,abuse.ch,misp,https://threatfox.abuse.ch/downloads/misp/ca0c7aba-69e9-4e7a-af4e-7969f2b00855.json,ca0c7aba-69e9-4e7a-af4e-7969f2b00855,json,379,2,2026-01-16T00:03:07
2026-01-16T01:17:33.186569,abuse.ch-URLhasus,misp,https://urlhaus.abuse.ch/downloads/misp/3a01a0b3-e19e-4171-9e6a-3104c98530f0.json,3a01a0b3-e19e-4171-9e6a-3104c98530f0,json,1053,2,2026-01-16T00:15:22
2026-01-16T01:17:39.031501,Phishtank,csv,https://data.phishtank.com/data/online-valid.csv,,csv,46462,,
2026-01-17T01:13:57.574813,IPsum-l5,text,https://raw.githubusercontent.com/stamparm/ipsum/master/levels/5.txt,,text,1802,,
2026-01-17T01:13:57.607466,IPsum-l4,text,https://raw.githubusercontent.com/stamparm/ipsum/master/levels/4.txt,,text,7170,,
2026-01-17T01:13:57.664526,abuse.ch-Bazaar,misp,https://bazaar.abuse.ch/downloads/misp//a97ffc79-47e1-4410-b110-8f5f85e2eb5a.json,a97ffc79-47e1-4410-b110-8f5f85e2eb5a,json,1332,2,2026-01-16T00:03:01
2026-01-17T01:13:59.395934,abuse.ch-SSL,csv,https://sslbl.abuse.ch/blacklist/sslblacklist.csv,,csv,8802,,
2026-01-17T01:13:59.429928,abuse.ch-URLhasus,misp,https://urlhaus.abuse.ch/downloads/misp/df2f0d93-8fcc-467a-9cb5-09cac308a8bf.json,df2f0d93-8fcc-467a-9cb5-09cac308a8bf,json,749,2,2026-01-17T00:15:21
2026-01-17T01:13:59.480269,Alienvault-IP-Reputation,csv,https://reputation.alienvault.com/reputation.generic,,csv,609,,
2026-01-17T01:13:59.542214,abuse.ch,misp,https://threatfox.abuse.ch/downloads/misp/1f2582ec-3d3e-4a35-9395-edb9f122da29.json,1f2582ec-3d3e-4a35-9395-edb9f122da29,json,1121,2,2026-01-17T00:03:07
2026-01-17T01:14:06.650497,Phishtank,csv,https://data.phishtank.com/data/online-valid.csv,,csv,46647,,
2026-01-18T01:22:34.379801,IPsum-l5,text,https://raw.githubusercontent.com/stamparm/ipsum/master/levels/5.txt,,text,3822,,
2026-01-18T01:22:34.426659,IPsum-l4,text,https://raw.githubusercontent.com/stamparm/ipsum/master/levels/4.txt,,text,9311,,
2026-01-18T01:22:34.520783,Alienvault-IP-Reputation,csv,https://reputation.alienvault.com/reputation.generic,,csv,609,,
2026-01-18T01:22:34.609721,abuse.ch-Bazaar,misp,https://bazaar.abuse.ch/downloads/misp//c8fba52a-40fb-49d1-bcf2-c04950e40dc8.json,c8fba52a-40fb-49d1-bcf2-c04950e40dc8,json,1272,2,2026-01-17T00:03:01
2026-01-18T01:22:36.321543,abuse.ch-SSL,csv,https://sslbl.abuse.ch/blacklist/sslblacklist.csv,,csv,8802,,
2026-01-18T01:22:36.346447,abuse.ch-URLhasus,misp,https://urlhaus.abuse.ch/downloads/misp/459ff663-5a84-4a83-99ec-2855e59070bc.json,459ff663-5a84-4a83-99ec-2855e59070bc,json,651,2,2026-01-18T00:15:21
2026-01-18T01:22:36.367725,abuse.ch-Bazaar,misp,https://bazaar.abuse.ch/downloads/misp//95a8c68e-9a87-4d81-a3ce-abc5b4c0c34b.json,95a8c68e-9a87-4d81-a3ce-abc5b4c0c34b,json,920,2,2026-01-18T00:03:02
2026-01-18T01:22:36.862299,abuse.ch,misp,https://threatfox.abuse.ch/downloads/misp/019a27b4-466a-494f-b43f-7f8c7d8c82ae.json,019a27b4-466a-494f-b43f-7f8c7d8c82ae,json,344,2,2026-01-18T00:03:07
2026-01-18T01:22:44.698766,Phishtank,csv,https://data.phishtank.com/data/online-valid.csv,,csv,46524,,
2026-01-19T01:21:13.877042,IPsum-l5,text,https://raw.githubusercontent.com/stamparm/ipsum/master/levels/5.txt,,text,2725,,
2026-01-19T01:21:13.918392,IPsum-l4,text,https://raw.githubusercontent.com/stamparm/ipsum/master/levels/4.txt,,text,9080,,
2026-01-19T01:21:14.198500,Alienvault-IP-Reputation,csv,https://reputation.alienvault.com/reputation.generic,,csv,609,,
2026-01-19T01:21:14.290588,abuse.ch-Bazaar,misp,https://bazaar.abuse.ch/downloads/misp//c7883769-3e5e-4ee5-aa92-9f4ad91b6810.json,c7883769-3e5e-4ee5-aa92-9f4ad91b6810,json,1812,2,2026-01-19T00:03:02
2026-01-19T01:21:15.944337,abuse.ch-SSL,csv,https://sslbl.abuse.ch/blacklist/sslblacklist.csv,,csv,8802,,
2026-01-19T01:21:15.953704,abuse.ch,misp,https://threatfox.abuse.ch/downloads/misp/b1269268-4781-4a07-a587-7f1cd5dc769a.json,b1269268-4781-4a07-a587-7f1cd5dc769a,json,206,2,2026-01-19T00:03:08
2026-01-19T01:21:16.268677,abuse.ch-URLhasus,misp,https://urlhaus.abuse.ch/downloads/misp/f1a5046c-d010-49b3-b050-360deeeb4231.json,f1a5046c-d010-49b3-b050-360deeeb4231,json,887,2,2026-01-19T00:15:23
2026-01-19T01:21:23.698613,Phishtank,csv,https://data.phishtank.com/data/online-valid.csv,,csv,46393,,
2026-01-20T01:16:25.412873,IPsum-l5,text,https://raw.githubusercontent.com/stamparm/ipsum/master/levels/5.txt,,text,2976,,
2026-01-20T01:16:25.467992,IPsum-l4,text,https://raw.githubusercontent.com/stamparm/ipsum/master/levels/4.txt,,text,9242,,
2026-01-20T01:16:26.858367,abuse.ch-SSL,csv,https://sslbl.abuse.ch/blacklist/sslblacklist.csv,,csv,8802,,
2026-01-20T01:16:27.048082,Alienvault-IP-Reputation,csv,https://reputation.alienvault.com/reputation.generic,,csv,609,,
2026-01-20T01:16:27.057700,abuse.ch,misp,https://threatfox.abuse.ch/downloads/misp/df0317fb-f241-490c-9c38-d1d210d6528a.json,df0317fb-f241-490c-9c38-d1d210d6528a,json,199,2,2026-01-20T00:03:07
2026-01-20T01:16:27.082104,abuse.ch-URLhasus,misp,https://urlhaus.abuse.ch/downloads/misp/3fd639b7-fd09-43ee-9b19-49ab4e585530.json,3fd639b7-fd09-43ee-9b19-49ab4e585530,json,759,2,2026-01-20T00:15:19
2026-01-20T01:16:32.394053,Phishtank,csv,https://data.phishtank.com/data/online-valid.csv,,csv,46367,,
2026-01-20T01:16:32.484779,abuse.ch-Bazaar,misp,https://bazaar.abuse.ch/downloads/misp//72966c72-fbb8-4aac-9c83-4a57ef04147f.json,72966c72-fbb8-4aac-9c83-4a57ef04147f,json,1840,2,2026-01-20T00:03:01
2026-01-21T01:18:54.456087,IPsum-l5,text,https://raw.githubusercontent.com/stamparm/ipsum/master/levels/5.txt,,text,3230,,
2026-01-21T01:18:54.498170,IPsum-l4,text,https://raw.githubusercontent.com/stamparm/ipsum/master/levels/4.txt,,text,9374,,
2026-01-21T01:18:56.236319,abuse.ch-SSL,csv,https://sslbl.abuse.ch/blacklist/sslblacklist.csv,,csv,8802,,
2026-01-21T01:18:56.310983,abuse.ch-Bazaar,misp,https://bazaar.abuse.ch/downloads/misp//673a7a36-7f67-4c72-939a-898ee63fc0fc.json,673a7a36-7f67-4c72-939a-898ee63fc0fc,json,1596,2,2026-01-21T00:03:01
2026-01-21T01:18:56.361010,Alienvault-IP-Reputation,csv,https://reputation.alienvault.com/reputation.generic,,csv,609,,
2026-01-21T01:18:56.394567,abuse.ch,misp,https://threatfox.abuse.ch/downloads/misp/e1bf8d80-2faa-4be7-9131-9fdd5f3eb0bf.json,e1bf8d80-2faa-4be7-9131-9fdd5f3eb0bf,json,513,2,2026-01-21T00:03:07
2026-01-21T01:18:56.418549,abuse.ch-URLhasus,misp,https://urlhaus.abuse.ch/downloads/misp/104aaf03-8a6c-4751-8e0a-ff31b6990650.json,104aaf03-8a6c-4751-8e0a-ff31b6990650,json,1102,2,2026-01-21T00:15:20
2026-01-21T01:19:06.925316,Phishtank,csv,https://data.phishtank.com/data/online-valid.csv,,csv,46349,,
2026-01-22T01:19:09.185900,IPsum-l5,text,https://raw.githubusercontent.com/stamparm/ipsum/master/levels/5.txt,,text,3406,,
2026-01-22T01:19:09.221865,IPsum-l4,text,https://raw.githubusercontent.com/stamparm/ipsum/master/levels/4.txt,,text,9461,,
2026-01-22T01:19:10.919594,abuse.ch-SSL,csv,https://sslbl.abuse.ch/blacklist/sslblacklist.csv,,csv,8814,,
2026-01-22T01:19:10.984451,abuse.ch-Bazaar,misp,https://bazaar.abuse.ch/downloads/misp//c2177d6d-f233-45b5-8dae-e5c565a3ffdd.json,c2177d6d-f233-45b5-8dae-e5c565a3ffdd,json,1964,2,2026-01-22T00:03:01
2026-01-22T01:19:11.032206,Alienvault-IP-Reputation,csv,https://reputation.alienvault.com/reputation.generic,,csv,609,,
2026-01-22T01:19:11.088045,abuse.ch-URLhasus,misp,https://urlhaus.abuse.ch/downloads/misp/df3077ab-0ad1-4640-a3ad-ffae72375ccd.json,df3077ab-0ad1-4640-a3ad-ffae72375ccd,json,1188,2,2026-01-22T00:15:20
2026-01-22T01:19:18.165437,Phishtank,csv,https://data.phishtank.com/data/online-valid.csv,,csv,46990,,
2026-01-22T01:19:18.185926,abuse.ch,misp,https://threatfox.abuse.ch/downloads/misp/91289567-8dcf-4531-b631-bda4ef53acb6.json,91289567-8dcf-4531-b631-bda4ef53acb6,json,319,2,2026-01-22T00:03:06
2026-01-23T01:17:06.696161,IPsum-l4,text,https://raw.githubusercontent.com/stamparm/ipsum/master/levels/4.txt,,text,9879,,
2026-01-23T01:17:06.731243,IPsum-l5,text,https://raw.githubusercontent.com/stamparm/ipsum/master/levels/5.txt,,text,3959,,
2026-01-23T01:17:06.878497,abuse.ch-Bazaar,misp,https://bazaar.abuse.ch/downloads/misp//ce0ddbf2-722a-44a8-9d5e-640bc7b40ee5.json,ce0ddbf2-722a-44a8-9d5e-640bc7b40ee5,json,1724,2,2026-01-23T00:03:02
2026-01-23T01:17:06.936901,abuse.ch-URLhasus,misp,https://urlhaus.abuse.ch/downloads/misp/0f1d8cd2-8258-4fea-87a7-bac1ce12c72e.json,0f1d8cd2-8258-4fea-87a7-bac1ce12c72e,json,1143,2,2026-01-23T00:15:20
2026-01-23T01:17:08.603910,abuse.ch-SSL,csv,https://sslbl.abuse.ch/blacklist/sslblacklist.csv,,csv,8814,,
2026-01-23T01:17:08.617469,abuse.ch,misp,https://threatfox.abuse.ch/downloads/misp/90da69b7-28a3-4f4d-82b3-5afbeb8ec86f.json,90da69b7-28a3-4f4d-82b3-5afbeb8ec86f,json,586,2,2026-01-23T00:03:07
2026-01-23T01:17:08.677550,Alienvault-IP-Reputation,csv,https://reputation.alienvault.com/reputation.generic,,csv,609,,
2026-01-23T01:17:15.967778,Phishtank,csv,https://data.phishtank.com/data/online-valid.csv,,csv,46981,,
2026-01-24T01:15:07.091885,IPsum-l5,text,https://raw.githubusercontent.com/stamparm/ipsum/master/levels/5.txt,,text,5723,,
2026-01-24T01:15:07.148637,IPsum-l4,text,https://raw.githubusercontent.com/stamparm/ipsum/master/levels/4.txt,,text,10979,,
2026-01-24T01:15:07.223019,Alienvault-IP-Reputation,csv,https://reputation.alienvault.com/reputation.generic,,csv,609,,
2026-01-24T01:15:08.921722,abuse.ch-SSL,csv,https://sslbl.abuse.ch/blacklist/sslblacklist.csv,,csv,8814,,
2026-01-24T01:15:09.072039,abuse.ch,misp,https://threatfox.abuse.ch/downloads/misp/188505f1-c09b-4e1f-8c3e-76801b4ba61d.json,188505f1-c09b-4e1f-8c3e-76801b4ba61d,json,342,2,2026-01-24T00:03:07
2026-01-24T01:15:09.100481,abuse.ch-Bazaar,misp,https://bazaar.abuse.ch/downloads/misp//e7129c37-d298-4394-a177-bb5122418a36.json,e7129c37-d298-4394-a177-bb5122418a36,json,1196,2,2026-01-24T00:03:02
2026-01-24T01:15:09.126798,abuse.ch-URLhasus,misp,https://urlhaus.abuse.ch/downloads/misp/db511c29-a13a-4257-8c57-2781d297d696.json,db511c29-a13a-4257-8c57-2781d297d696,json,928,2,2026-01-24T00:15:21
2026-01-24T01:15:16.969396,Phishtank,csv,https://data.phishtank.com/data/online-valid.csv,,csv,47053,,
2026-01-25T01:24:34.779836,IPsum-l4,text,https://raw.githubusercontent.com/stamparm/ipsum/master/levels/4.txt,,text,10208,,
2026-01-25T01:24:34.796999,IPsum-l5,text,https://raw.githubusercontent.com/stamparm/ipsum/master/levels/5.txt,,text,3677,,
2026-01-25T01:24:36.524069,abuse.ch-SSL,csv,https://sslbl.abuse.ch/blacklist/sslblacklist.csv,,csv,8814,,
2026-01-25T01:24:36.589024,Alienvault-IP-Reputation,csv,https://reputation.alienvault.com/reputation.generic,,csv,609,,
2026-01-25T01:24:36.650152,abuse.ch,misp,https://threatfox.abuse.ch/downloads/misp/eb1c8f11-cd60-43fa-bfdf-5a2270a7aa8c.json,eb1c8f11-cd60-43fa-bfdf-5a2270a7aa8c,json,427,2,2026-01-25T00:03:06
2026-01-25T01:24:36.753911,abuse.ch-Bazaar,misp,https://bazaar.abuse.ch/downloads/misp//55d2aa99-ca2d-4c4d-869e-517c22a628e4.json,55d2aa99-ca2d-4c4d-869e-517c22a628e4,json,1524,2,2026-01-25T00:03:01
2026-01-25T01:24:36.852609,abuse.ch-URLhasus,misp,https://urlhaus.abuse.ch/downloads/misp/509cd616-b4fe-41cd-b25a-20d392130304.json,509cd616-b4fe-41cd-b25a-20d392130304,json,989,2,2026-01-25T00:15:23
2026-01-26T01:23:17.590349,IPsum-l5,text,https://raw.githubusercontent.com/stamparm/ipsum/master/levels/5.txt,,text,4176,,
2026-01-26T01:23:17.647172,IPsum-l4,text,https://raw.githubusercontent.com/stamparm/ipsum/master/levels/4.txt,,text,9809,,
2026-01-26T01:23:19.452732,abuse.ch-SSL,csv,https://sslbl.abuse.ch/blacklist/sslblacklist.csv,,csv,8814,,
2026-01-26T01:23:19.499165,abuse.ch-Bazaar,misp,https://bazaar.abuse.ch/downloads/misp//67427edc-a1e6-420c-a5ed-95467d707cf5.json,67427edc-a1e6-420c-a5ed-95467d707cf5,json,1316,2,2026-01-26T00:03:02
2026-01-26T01:23:19.561741,Alienvault-IP-Reputation,csv,https://reputation.alienvault.com/reputation.generic,,csv,609,,
2026-01-26T01:23:19.632423,abuse.ch-URLhasus,misp,https://urlhaus.abuse.ch/downloads/misp/b04b837e-7246-4820-976b-08ffaab881be.json,b04b837e-7246-4820-976b-08ffaab881be,json,893,2,2026-01-26T00:15:27
2026-01-26T01:23:27.090531,Phishtank,csv,https://data.phishtank.com/data/online-valid.csv,,csv,47865,,
2026-01-26T01:23:27.116247,abuse.ch,misp,https://threatfox.abuse.ch/downloads/misp/b82981f3-0559-4f0d-b418-4eb53e49332e.json,b82981f3-0559-4f0d-b418-4eb53e49332e,json,641,2,2026-01-26T00:03:07
2026-01-27T01:22:22.359250,IPsum-l5,text,https://raw.githubusercontent.com/stamparm/ipsum/master/levels/5.txt,,text,3797,,
2026-01-27T01:22:22.397250,IPsum-l4,text,https://raw.githubusercontent.com/stamparm/ipsum/master/levels/4.txt,,text,9305,,
2026-01-27T01:22:22.512065,Alienvault-IP-Reputation,csv,https://reputation.alienvault.com/reputation.generic,,csv,609,,
2026-01-27T01:22:24.252363,abuse.ch-SSL,csv,https://sslbl.abuse.ch/blacklist/sslblacklist.csv,,csv,8814,,
2026-01-27T01:22:24.272072,abuse.ch,misp,https://threatfox.abuse.ch/downloads/misp/bfbae62e-edb0-48d7-a368-017b4dcd2d75.json,bfbae62e-edb0-48d7-a368-017b4dcd2d75,json,293,2,2026-01-27T00:03:07
2026-01-27T01:22:24.294112,abuse.ch-URLhasus,misp,https://urlhaus.abuse.ch/downloads/misp/782a004f-3035-46ae-816e-5a488aec802b.json,782a004f-3035-46ae-816e-5a488aec802b,json,943,2,2026-01-27T00:15:23
2026-01-27T01:22:24.392274,abuse.ch-Bazaar,misp,https://bazaar.abuse.ch/downloads/misp//503fc11b-b32e-4004-ac30-ed2c84415550.json,503fc11b-b32e-4004-ac30-ed2c84415550,json,2040,2,2026-01-27T00:03:02
2026-01-27T01:22:32.006367,Phishtank,csv,https://data.phishtank.com/data/online-valid.csv,,csv,48244,,
2026-01-28T01:18:28.150270,Alienvault-IP-Reputation,csv,https://reputation.alienvault.com/reputation.generic,,csv,609,,
2026-01-28T01:18:28.176841,IPsum-l5,text,https://raw.githubusercontent.com/stamparm/ipsum/master/levels/5.txt,,text,3797,,
2026-01-28T01:18:28.217906,IPsum-l4,text,https://raw.githubusercontent.com/stamparm/ipsum/master/levels/4.txt,,text,9305,,
2026-01-28T01:18:29.935093,abuse.ch-SSL,csv,https://sslbl.abuse.ch/blacklist/sslblacklist.csv,,csv,8814,,
2026-01-28T01:18:37.633230,Phishtank,csv,https://data.phishtank.com/data/online-valid.csv,,csv,49113,,
2026-01-28T01:18:37.709603,abuse.ch-URLhasus,misp,https://urlhaus.abuse.ch/downloads/misp/bd644f98-1705-470e-a6e0-21e041e48622.json,bd644f98-1705-470e-a6e0-21e041e48622,json,741,2,2026-01-28T00:15:28
2026-01-28T01:18:37.743043,abuse.ch-Bazaar,misp,https://bazaar.abuse.ch/downloads/misp//4ccd99e5-fff2-4eba-afae-1902f5eaab3f.json,4ccd99e5-fff2-4eba-afae-1902f5eaab3f,json,1288,2,2026-01-28T00:03:01
2026-01-28T01:18:37.749550,abuse.ch,misp,https://threatfox.abuse.ch/downloads/misp/1fd4d6cf-e437-46d0-8cc7-ceee3998c626.json,1fd4d6cf-e437-46d0-8cc7-ceee3998c626,json,237,2,2026-01-28T00:03:06
2026-01-29T01:28:26.729366,IPsum-l5,text,https://raw.githubusercontent.com/stamparm/ipsum/master/levels/5.txt,,text,4081,,
2026-01-29T01:28:26.769672,IPsum-l4,text,https://raw.githubusercontent.com/stamparm/ipsum/master/levels/4.txt,,text,9566,,
2026-01-29T01:28:26.845037,Alienvault-IP-Reputation,csv,https://reputation.alienvault.com/reputation.generic,,csv,609,,
2026-01-29T01:28:27.080513,abuse.ch-Bazaar,misp,https://bazaar.abuse.ch/downloads/misp//62686a4b-8c79-460e-8175-5857cb60847d.json,62686a4b-8c79-460e-8175-5857cb60847d,json,1636,2,2026-01-29T00:03:02
2026-01-29T01:28:28.752304,abuse.ch-SSL,csv,https://sslbl.abuse.ch/blacklist/sslblacklist.csv,,csv,8814,,
2026-01-29T01:28:28.769573,abuse.ch,misp,https://threatfox.abuse.ch/downloads/misp/604bc843-b674-4c9b-ad44-faf2419d8050.json,604bc843-b674-4c9b-ad44-faf2419d8050,json,584,2,2026-01-29T00:03:08
2026-01-29T01:28:36.346465,Phishtank,csv,https://data.phishtank.com/data/online-valid.csv,,csv,49232,,
2026-01-29T01:28:36.987438,abuse.ch-URLhasus,misp,https://urlhaus.abuse.ch/downloads/misp/7ea9844f-3f9f-4460-afe8-e549974c994f.json,7ea9844f-3f9f-4460-afe8-e549974c994f,json,990,2,2026-01-29T00:15:24
2026-01-30T01:27:52.961319,IPsum-l5,text,https://raw.githubusercontent.com/stamparm/ipsum/master/levels/5.txt,,text,3366,,
2026-01-30T01:27:53.004884,IPsum-l4,text,https://raw.githubusercontent.com/stamparm/ipsum/master/levels/4.txt,,text,9347,,
2026-01-30T01:27:53.188027,abuse.ch-URLhasus,misp,https://urlhaus.abuse.ch/downloads/misp/a5091c30-1936-4a59-afdb-1453a1e471c8.json,a5091c30-1936-4a59-afdb-1453a1e471c8,json,843,2,2026-01-30T00:15:25
2026-01-30T01:27:54.883333,abuse.ch-SSL,csv,https://sslbl.abuse.ch/blacklist/sslblacklist.csv,,csv,8814,,
2026-01-30T01:27:54.932811,abuse.ch-Bazaar,misp,https://bazaar.abuse.ch/downloads/misp//c09e9b97-03da-44bc-aca9-b5109b79e5c3.json,c09e9b97-03da-44bc-aca9-b5109b79e5c3,json,1732,2,2026-01-30T00:03:01
2026-01-30T01:27:54.937129,abuse.ch,misp,https://threatfox.abuse.ch/downloads/misp/ed7cdd9c-f335-40e1-ae41-f39c2c096530.json,ed7cdd9c-f335-40e1-ae41-f39c2c096530,json,213,2,2026-01-30T00:03:07
2026-01-30T01:27:54.990416,Alienvault-IP-Reputation,csv,https://reputation.alienvault.com/reputation.generic,,csv,609,,
2026-01-30T01:28:02.828203,Phishtank,csv,https://data.phishtank.com/data/online-valid.csv,,csv,50055,,
2026-01-31T01:25:07.471002,abuse.ch-Bazaar,misp,https://bazaar.abuse.ch/downloads/misp//7ebc5370-355e-44a7-9374-a45a0529076b.json,7ebc5370-355e-44a7-9374-a45a0529076b,json,1548,2,2026-01-31T00:03:02
2026-01-31T01:25:07.508436,Alienvault-IP-Reputation,csv,https://reputation.alienvault.com/reputation.generic,,csv,609,,
2026-01-31T01:25:07.559482,IPsum-l4,text,https://raw.githubusercontent.com/stamparm/ipsum/master/levels/4.txt,,text,9027,,
2026-01-31T01:25:09.304515,abuse.ch-SSL,csv,https://sslbl.abuse.ch/blacklist/sslblacklist.csv,,csv,8840,,
2026-01-31T01:25:09.328624,IPsum-l5,text,https://raw.githubusercontent.com/stamparm/ipsum/master/levels/5.txt,,text,3534,,
2026-01-31T01:25:09.518621,abuse.ch,misp,https://threatfox.abuse.ch/downloads/misp/71aabd00-428a-4fdf-b75b-d5096aa34976.json,71aabd00-428a-4fdf-b75b-d5096aa34976,json,370,2,2026-01-31T00:03:06
2026-01-31T01:25:09.535156,abuse.ch-URLhasus,misp,https://urlhaus.abuse.ch/downloads/misp/66c2961c-fcd0-46f0-ad97-75a2d557e788.json,66c2961c-fcd0-46f0-ad97-75a2d557e788,json,742,2,2026-01-31T00:15:23
2026-01-31T01:25:17.466836,Phishtank,csv,https://data.phishtank.com/data/online-valid.csv,,csv,49998,,
2026-02-01T01:52:03.018523,IPsum-l5,text,https://raw.githubusercontent.com/stamparm/ipsum/master/levels/5.txt,,text,3396,,
2026-02-01T01:52:03.140865,IPsum-l4,text,https://raw.githubusercontent.com/stamparm/ipsum/master/levels/4.txt,,text,9059,,
2026-02-01T01:52:10.803838,Phishtank,csv,https://data.phishtank.com/data/online-valid.csv,,csv,50515,,
2026-02-01T01:52:10.892944,Alienvault-IP-Reputation,csv,https://reputation.alienvault.com/reputation.generic,,csv,609,,
2026-02-01T01:52:12.575747,abuse.ch-SSL,csv,https://sslbl.abuse.ch/blacklist/sslblacklist.csv,,csv,8848,,
2026-02-01T01:52:12.584158,abuse.ch,misp,https://threatfox.abuse.ch/downloads/misp/53325188-0270-4885-90b7-dd4178b13c6e.json,53325188-0270-4885-90b7-dd4178b13c6e,json,183,2,2026-02-01T00:03:07
2026-02-01T01:52:12.606362,abuse.ch-URLhasus,misp,https://urlhaus.abuse.ch/downloads/misp/8ffd194b-9522-48a1-93e5-1acb971a612e.json,8ffd194b-9522-48a1-93e5-1acb971a612e,json,938,2,2026-02-01T00:15:21
2026-02-01T01:52:12.713783,abuse.ch-Bazaar,misp,https://bazaar.abuse.ch/downloads/misp//3f8aa953-181b-4c19-9671-94be0b2c0595.json,3f8aa953-181b-4c19-9671-94be0b2c0595,json,1136,2,2026-02-01T00:03:01
2026-02-02T01:45:27.167485,IPsum-l5,text,https://raw.githubusercontent.com/stamparm/ipsum/master/levels/5.txt,,text,3548,,
2026-02-02T01:45:27.203471,IPsum-l4,text,https://raw.githubusercontent.com/stamparm/ipsum/master/levels/4.txt,,text,8645,,
2026-02-02T01:45:35.068617,Phishtank,csv,https://data.phishtank.com/data/online-valid.csv,,csv,50389,,
2026-02-02T01:45:35.130398,Alienvault-IP-Reputation,csv,https://reputation.alienvault.com/reputation.generic,,csv,609,,
2026-02-02T01:45:35.152844,abuse.ch,misp,https://threatfox.abuse.ch/downloads/misp/f7058780-8777-4556-8342-360b144cec82.json,f7058780-8777-4556-8342-360b144cec82,json,312,2,2026-02-02T00:03:07
2026-02-02T01:45:36.861120,abuse.ch-SSL,csv,https://sslbl.abuse.ch/blacklist/sslblacklist.csv,,csv,8851,,
2026-02-02T01:45:36.925979,abuse.ch-URLhasus,misp,https://urlhaus.abuse.ch/downloads/misp/16dde6d7-3c1b-4571-93de-ad628bd2bdbd.json,16dde6d7-3c1b-4571-93de-ad628bd2bdbd,json,3883,2,2026-02-02T00:15:23
2026-02-02T01:45:36.950634,abuse.ch-Bazaar,misp,https://bazaar.abuse.ch/downloads/misp//5419d1c4-28c3-4b2a-8c43-8da9cdd948a6.json,5419d1c4-28c3-4b2a-8c43-8da9cdd948a6,json,1288,2,2026-02-02T00:03:01
2026-02-03T01:44:39.709449,Alienvault-IP-Reputation,csv,https://reputation.alienvault.com/reputation.generic,,csv,609,,
2026-02-03T01:44:39.758582,IPsum-l4,text,https://raw.githubusercontent.com/stamparm/ipsum/master/levels/4.txt,,text,8367,,
2026-02-03T01:44:39.772134,IPsum-l5,text,https://raw.githubusercontent.com/stamparm/ipsum/master/levels/5.txt,,text,3490,,
2026-02-03T01:44:41.590344,abuse.ch-SSL,csv,https://sslbl.abuse.ch/blacklist/sslblacklist.csv,,csv,8851,,
2026-02-03T01:44:41.609626,abuse.ch,misp,https://threatfox.abuse.ch/downloads/misp/e950cf8e-44eb-48a1-a74a-1946a371fdf3.json,e950cf8e-44eb-48a1-a74a-1946a371fdf3,json,255,2,2026-02-03T00:03:07
2026-02-03T01:44:41.664216,abuse.ch-Bazaar,misp,https://bazaar.abuse.ch/downloads/misp//c7032524-0103-4ab0-aca5-74c25764131d.json,c7032524-0103-4ab0-aca5-74c25764131d,json,1900,2,2026-02-03T00:03:01
2026-02-03T01:44:49.504294,Phishtank,csv,https://data.phishtank.com/data/online-valid.csv,,csv,50823,,
2026-02-03T01:44:49.539602,abuse.ch-URLhasus,misp,https://urlhaus.abuse.ch/downloads/misp/bcfbef8b-25d8-42a6-b46f-0049388c944c.json,bcfbef8b-25d8-42a6-b46f-0049388c944c,json,829,2,2026-02-03T00:15:23
2026-02-04T01:28:03.088359,IPsum-l5,text,https://raw.githubusercontent.com/stamparm/ipsum/master/levels/5.txt,,text,2910,,
2026-02-04T01:28:03.127455,IPsum-l4,text,https://raw.githubusercontent.com/stamparm/ipsum/master/levels/4.txt,,text,8499,,
2026-02-04T01:28:04.478101,abuse.ch-SSL,csv,https://sslbl.abuse.ch/blacklist/sslblacklist.csv,,csv,8851,,
2026-02-04T01:28:04.566194,Alienvault-IP-Reputation,csv,https://reputation.alienvault.com/reputation.generic,,csv,609,,
2026-02-04T01:28:04.642063,abuse.ch-Bazaar,misp,https://bazaar.abuse.ch/downloads/misp//894a747a-75e5-4db0-95ca-42f414b55855.json,894a747a-75e5-4db0-95ca-42f414b55855,json,2032,2,2026-02-04T00:03:01
2026-02-04T01:28:04.646886,Botvrij.eu,misp,https://www.botvrij.eu/data/feed-osint/390d27ed-5268-4eac-a3a3-768903fa5c1c.json,390d27ed-5268-4eac-a3a3-768903fa5c1c,json,32,2,2026-02-03T07:38:49
2026-02-04T01:28:04.659553,abuse.ch,misp,https://threatfox.abuse.ch/downloads/misp/c2cef431-4fc3-462d-aa9e-6e9a244a5af6.json,c2cef431-4fc3-462d-aa9e-6e9a244a5af6,json,401,2,2026-02-04T00:03:07
2026-02-04T01:28:04.689935,abuse.ch-URLhasus,misp,https://urlhaus.abuse.ch/downloads/misp/0becc0e1-63ec-4a93-93fe-2160a9d51383.json,0becc0e1-63ec-4a93-93fe-2160a9d51383,json,1204,2,2026-02-04T00:15:21
2026-02-05T01:28:41.711694,IPsum-l4,text,https://raw.githubusercontent.com/stamparm/ipsum/master/levels/4.txt,,text,8570,,
2026-02-05T01:28:41.724507,IPsum-l5,text,https://raw.githubusercontent.com/stamparm/ipsum/master/levels/5.txt,,text,2997,,
2026-02-05T01:28:41.790303,Alienvault-IP-Reputation,csv,https://reputation.alienvault.com/reputation.generic,,csv,609,,
2026-02-05T01:28:43.516256,abuse.ch-SSL,csv,https://sslbl.abuse.ch/blacklist/sslblacklist.csv,,csv,8880,,
2026-02-05T01:28:43.735842,abuse.ch-URLhasus,misp,https://urlhaus.abuse.ch/downloads/misp/b63e660b-82b0-4e33-9178-d04f46b3e1ad.json,b63e660b-82b0-4e33-9178-d04f46b3e1ad,json,724,2,2026-02-05T00:15:22
2026-02-05T01:28:43.744377,abuse.ch,misp,https://threatfox.abuse.ch/downloads/misp/c81dc023-c5c8-4f8f-8642-e50937a43426.json,c81dc023-c5c8-4f8f-8642-e50937a43426,json,242,2,2026-02-05T00:03:07
2026-02-05T01:28:43.773656,abuse.ch-Bazaar,misp,https://bazaar.abuse.ch/downloads/misp//d3155220-218f-470e-a6a8-0d0f485237ae.json,d3155220-218f-470e-a6a8-0d0f485237ae,json,1424,2,2026-02-05T00:03:02
2026-02-06T01:28:58.309515,IPsum-l5,text,https://raw.githubusercontent.com/stamparm/ipsum/master/levels/5.txt,,text,2720,,
2026-02-06T01:28:58.358032,IPsum-l4,text,https://raw.githubusercontent.com/stamparm/ipsum/master/levels/4.txt,,text,7843,,
2026-02-06T01:29:00.138494,abuse.ch-SSL,csv,https://sslbl.abuse.ch/blacklist/sslblacklist.csv,,csv,8882,,
2026-02-06T01:29:00.237845,abuse.ch-Bazaar,misp,https://bazaar.abuse.ch/downloads/misp//dbae7517-3a41-430a-9e56-e60c525a4d9a.json,dbae7517-3a41-430a-9e56-e60c525a4d9a,json,3808,2,2026-02-06T00:03:02
2026-02-06T01:29:00.291983,Alienvault-IP-Reputation,csv,https://reputation.alienvault.com/reputation.generic,,csv,609,,
2026-02-06T01:29:00.438629,abuse.ch,misp,https://threatfox.abuse.ch/downloads/misp/4161abb0-a4b4-428b-9ee3-356c4d6d5f26.json,4161abb0-a4b4-428b-9ee3-356c4d6d5f26,json,696,2,2026-02-06T00:03:06
2026-02-06T01:29:08.542572,Phishtank,csv,https://data.phishtank.com/data/online-valid.csv,,csv,52304,,
2026-02-06T01:29:08.727175,abuse.ch-URLhasus,misp,https://urlhaus.abuse.ch/downloads/misp/a8f69c6d-0d8c-4a52-9bb0-01babfccf532.json,a8f69c6d-0d8c-4a52-9bb0-01babfccf532,json,803,2,2026-02-06T00:15:22
2026-02-07T01:27:14.429370,IPsum-l5,text,https://raw.githubusercontent.com/stamparm/ipsum/master/levels/5.txt,,text,3150,,
2026-02-07T01:27:14.481212,IPsum-l4,text,https://raw.githubusercontent.com/stamparm/ipsum/master/levels/4.txt,,text,8588,,
2026-02-07T01:27:16.234851,abuse.ch-SSL,csv,https://sslbl.abuse.ch/blacklist/sslblacklist.csv,,csv,8891,,
2026-02-07T01:27:16.274606,abuse.ch-Bazaar,misp,https://bazaar.abuse.ch/downloads/misp//a6bf953e-6eff-4cb5-8581-b128322f3cc5.json,a6bf953e-6eff-4cb5-8581-b128322f3cc5,json,1076,2,2026-02-07T00:03:02
2026-02-07T01:27:16.329532,Alienvault-IP-Reputation,csv,https://reputation.alienvault.com/reputation.generic,,csv,609,,
2026-02-07T01:27:16.425719,abuse.ch-URLhasus,misp,https://urlhaus.abuse.ch/downloads/misp/af460d1b-78de-4f55-bd3a-008e15a711b3.json,af460d1b-78de-4f55-bd3a-008e15a711b3,json,924,2,2026-02-07T00:15:22
2026-02-07T01:27:24.642450,Phishtank,csv,https://data.phishtank.com/data/online-valid.csv,,csv,52350,,
2026-02-07T01:27:24.665917,abuse.ch,misp,https://threatfox.abuse.ch/downloads/misp/1e23bcb9-b654-470c-b146-6dcfe3848148.json,1e23bcb9-b654-470c-b146-6dcfe3848148,json,351,2,2026-02-07T00:03:06
2026-02-08T02:04:04.159755,IPsum-l5,text,https://raw.githubusercontent.com/stamparm/ipsum/master/levels/5.txt,,text,3160,,
2026-02-08T02:04:04.196044,IPsum-l4,text,https://raw.githubusercontent.com/stamparm/ipsum/master/levels/4.txt,,text,8423,,
2026-02-08T02:04:04.374605,Alienvault-IP-Reputation,csv,https://reputation.alienvault.com/reputation.generic,,csv,609,,
2026-02-08T02:04:06.068562,abuse.ch-SSL,csv,https://sslbl.abuse.ch/blacklist/sslblacklist.csv,,csv,8891,,
2026-02-08T02:04:06.083476,abuse.ch,misp,https://threatfox.abuse.ch/downloads/misp/82a3cd08-6228-43cd-a57b-83e25978989f.json,82a3cd08-6228-43cd-a57b-83e25978989f,json,539,2,2026-02-08T00:03:07
2026-02-08T02:04:06.111030,abuse.ch-URLhasus,misp,https://urlhaus.abuse.ch/downloads/misp/48a68d07-a9f8-4be1-b323-b1f337d0c812.json,48a68d07-a9f8-4be1-b323-b1f337d0c812,json,1157,2,2026-02-08T00:15:22
2026-02-08T02:04:06.139314,abuse.ch-Bazaar,misp,https://bazaar.abuse.ch/downloads/misp//35ff3994-8b53-4212-b534-87ae961e3b4e.json,35ff3994-8b53-4212-b534-87ae961e3b4e,json,1316,2,2026-02-08T00:03:02
2026-02-08T02:04:15.139011,Phishtank,csv,https://data.phishtank.com/data/online-valid.csv,,csv,53137,,
2026-02-09T01:47:22.883264,IPsum-l5,text,https://raw.githubusercontent.com/stamparm/ipsum/master/levels/5.txt,,text,2884,,
2026-02-09T01:47:22.939938,IPsum-l4,text,https://raw.githubusercontent.com/stamparm/ipsum/master/levels/4.txt,,text,8416,,
2026-02-09T01:47:23.060016,Alienvault-IP-Reputation,csv,https://reputation.alienvault.com/reputation.generic,,csv,609,,
2026-02-09T01:47:23.098312,abuse.ch-Bazaar,misp,https://bazaar.abuse.ch/downloads/misp//459bb6a3-c17c-4a09-9fef-294150504204.json,459bb6a3-c17c-4a09-9fef-294150504204,json,1608,2,2026-02-09T00:03:01
2026-02-09T01:47:24.441993,abuse.ch-SSL,csv,https://sslbl.abuse.ch/blacklist/sslblacklist.csv,,csv,8895,,
2026-02-09T01:47:24.448947,abuse.ch,misp,https://threatfox.abuse.ch/downloads/misp/c030920a-8218-4d8b-bb86-0168b3dcb18e.json,c030920a-8218-4d8b-bb86-0168b3dcb18e,json,229,2,2026-02-09T00:03:07
2026-02-09T01:47:30.691926,Phishtank,csv,https://data.phishtank.com/data/online-valid.csv,,csv,53292,,
2026-02-09T01:47:30.853410,abuse.ch-URLhasus,misp,https://urlhaus.abuse.ch/downloads/misp/c6dcb9fc-317f-4d46-9b27-a94cfc7e4c4c.json,c6dcb9fc-317f-4d46-9b27-a94cfc7e4c4c,json,1285,2,2026-02-09T00:15:22
2026-02-10T01:57:53.016996,IPsum-l5,text,https://raw.githubusercontent.com/stamparm/ipsum/master/levels/5.txt,,text,3083,,
2026-02-10T01:57:53.057797,IPsum-l4,text,https://raw.githubusercontent.com/stamparm/ipsum/master/levels/4.txt,,text,8808,,
2026-02-10T01:57:54.833011,abuse.ch-SSL,csv,https://sslbl.abuse.ch/blacklist/sslblacklist.csv,,csv,8944,,
2026-02-10T01:57:54.936941,Alienvault-IP-Reputation,csv,https://reputation.alienvault.com/reputation.generic,,csv,609,,
2026-02-10T01:57:54.977192,abuse.ch,misp,https://threatfox.abuse.ch/downloads/misp/29abcd58-7e71-4669-bf38-f845c01098bb.json,29abcd58-7e71-4669-bf38-f845c01098bb,json,603,2,2026-02-10T00:03:07
2026-02-10T01:57:54.993467,abuse.ch-URLhasus,misp,https://urlhaus.abuse.ch/downloads/misp/1177f858-8dd9-4669-8ba8-8f6a46ba0557.json,1177f858-8dd9-4669-8ba8-8f6a46ba0557,json,612,2,2026-02-10T00:15:24
2026-02-10T01:57:55.023833,abuse.ch-Bazaar,misp,https://bazaar.abuse.ch/downloads/misp//895e696c-9798-4d7e-9ff8-4adef0be25f2.json,895e696c-9798-4d7e-9ff8-4adef0be25f2,json,1276,2,2026-02-10T00:03:02
2026-02-11T01:53:44.455487,IPsum-l5,text,https://raw.githubusercontent.com/stamparm/ipsum/master/levels/5.txt,,text,2132,,
2026-02-11T01:53:44.499447,IPsum-l4,text,https://raw.githubusercontent.com/stamparm/ipsum/master/levels/4.txt,,text,7816,,
2026-02-11T01:53:44.647042,Alienvault-IP-Reputation,csv,https://reputation.alienvault.com/reputation.generic,,csv,609,,
2026-02-11T01:53:44.758607,abuse.ch-URLhasus,misp,https://urlhaus.abuse.ch/downloads/misp/f0f1dff5-08d0-4599-9b08-b18c75d3057c.json,f0f1dff5-08d0-4599-9b08-b18c75d3057c,json,493,2,2026-02-11T00:15:26
2026-02-11T01:53:44.803182,abuse.ch,misp,https://threatfox.abuse.ch/downloads/misp/20b7b9f8-56cd-4296-906d-e2798a73632f.json,20b7b9f8-56cd-4296-906d-e2798a73632f,json,202,2,2026-02-11T00:03:06
2026-02-11T01:53:44.838884,abuse.ch-Bazaar,misp,https://bazaar.abuse.ch/downloads/misp//05195801-335e-4ddc-a0e3-c5b75dcc79b2.json,05195801-335e-4ddc-a0e3-c5b75dcc79b2,json,824,2,2026-02-11T00:03:02
2026-02-11T01:53:53.315616,Phishtank,csv,https://data.phishtank.com/data/online-valid.csv,,csv,53990,,
2026-02-11T01:53:55.054532,abuse.ch-SSL,csv,https://sslbl.abuse.ch/blacklist/sslblacklist.csv,,csv,8944,,
2026-02-12T01:47:10.705894,IPsum-l5,text,https://raw.githubusercontent.com/stamparm/ipsum/master/levels/5.txt,,text,3563,,
2026-02-12T01:47:10.746646,IPsum-l4,text,https://raw.githubusercontent.com/stamparm/ipsum/master/levels/4.txt,,text,9393,,
2026-02-12T01:47:10.817018,Alienvault-IP-Reputation,csv,https://reputation.alienvault.com/reputation.generic,,csv,609,,
2026-02-12T01:47:12.596191,abuse.ch-SSL,csv,https://sslbl.abuse.ch/blacklist/sslblacklist.csv,,csv,8945,,
2026-02-12T01:47:12.629340,abuse.ch,misp,https://threatfox.abuse.ch/downloads/misp/4dee3648-10ab-44cb-a230-5d6d0ee79817.json,4dee3648-10ab-44cb-a230-5d6d0ee79817,json,1907,2,2026-02-12T00:03:07
2026-02-12T01:47:12.647115,abuse.ch-URLhasus,misp,https://urlhaus.abuse.ch/downloads/misp/51e123ed-734b-434a-abbe-0c5e5a174d91.json,51e123ed-734b-434a-abbe-0c5e5a174d91,json,745,2,2026-02-12T00:15:22
2026-02-12T01:47:12.797086,abuse.ch-Bazaar,misp,https://bazaar.abuse.ch/downloads/misp//8f26c42f-0a5b-43f5-9003-9e88352f64af.json,8f26c42f-0a5b-43f5-9003-9e88352f64af,json,1416,2,2026-02-12T00:03:02
2026-02-12T01:47:21.349393,Phishtank,csv,https://data.phishtank.com/data/online-valid.csv,,csv,55017,,
2026-02-13T01:49:20.426974,IPsum-l5,text,https://raw.githubusercontent.com/stamparm/ipsum/master/levels/5.txt,,text,3660,,
2026-02-13T01:49:20.468672,IPsum-l4,text,https://raw.githubusercontent.com/stamparm/ipsum/master/levels/4.txt,,text,9322,,
2026-02-13T01:49:20.542749,abuse.ch-Bazaar,misp,https://bazaar.abuse.ch/downloads/misp//938463c0-f115-4ef2-8b14-0dc8ee373ea1.json,938463c0-f115-4ef2-8b14-0dc8ee373ea1,json,1164,2,2026-02-13T00:03:01
2026-02-13T01:49:20.621044,Alienvault-IP-Reputation,csv,https://reputation.alienvault.com/reputation.generic,,csv,609,,
2026-02-13T01:49:22.351730,abuse.ch-SSL,csv,https://sslbl.abuse.ch/blacklist/sslblacklist.csv,,csv,8962,,
2026-02-13T01:49:22.368305,abuse.ch,misp,https://threatfox.abuse.ch/downloads/misp/c8ce3977-41e7-442f-9a04-4489d7c07a94.json,c8ce3977-41e7-442f-9a04-4489d7c07a94,json,572,2,2026-02-13T00:03:06
2026-02-13T01:49:22.391003,abuse.ch-URLhasus,misp,https://urlhaus.abuse.ch/downloads/misp/d76d2151-c373-44a6-ad2b-90d82abc0a2f.json,d76d2151-c373-44a6-ad2b-90d82abc0a2f,json,978,2,2026-02-13T00:15:24
2026-02-13T01:49:30.989968,Phishtank,csv,https://data.phishtank.com/data/online-valid.csv,,csv,54928,,
2026-02-14T01:28:33.320354,IPsum-l5,text,https://raw.githubusercontent.com/stamparm/ipsum/master/levels/5.txt,,text,3463,,
2026-02-14T01:28:33.379480,IPsum-l4,text,https://raw.githubusercontent.com/stamparm/ipsum/master/levels/4.txt,,text,9256,,
2026-02-14T01:28:33.442357,Alienvault-IP-Reputation,csv,https://reputation.alienvault.com/reputation.generic,,csv,609,,
2026-02-14T01:28:35.236571,abuse.ch-SSL,csv,https://sslbl.abuse.ch/blacklist/sslblacklist.csv,,csv,8962,,
2026-02-14T01:28:35.298930,abuse.ch-Bazaar,misp,https://bazaar.abuse.ch/downloads/misp//5bda23a5-5ba5-4aee-93d0-7afacb48115e.json,5bda23a5-5ba5-4aee-93d0-7afacb48115e,json,2228,2,2026-02-14T00:03:02
2026-02-14T01:28:35.363015,abuse.ch-URLhasus,misp,https://urlhaus.abuse.ch/downloads/misp/4dc14db3-589e-484b-877d-fea296992dae.json,4dc14db3-589e-484b-877d-fea296992dae,json,1103,2,2026-02-14T00:15:21
2026-02-14T01:28:35.749434,abuse.ch,misp,https://threatfox.abuse.ch/downloads/misp/d098848f-ef7a-48d2-8356-7c5333f80bbf.json,d098848f-ef7a-48d2-8356-7c5333f80bbf,json,910,2,2026-02-14T00:03:07
2026-02-15T01:48:56.122640,IPsum-l5,text,https://raw.githubusercontent.com/stamparm/ipsum/master/levels/5.txt,,text,3567,,
2026-02-15T01:48:56.235328,IPsum-l4,text,https://raw.githubusercontent.com/stamparm/ipsum/master/levels/4.txt,,text,9103,,
2026-02-15T01:48:56.394715,Alienvault-IP-Reputation,csv,https://reputation.alienvault.com/reputation.generic,,csv,609,,
2026-02-15T01:48:56.401006,abuse.ch,misp,https://threatfox.abuse.ch/downloads/misp/f1ef3ea6-2aeb-4991-ada5-59016edf07bf.json,f1ef3ea6-2aeb-4991-ada5-59016edf07bf,json,251,2,2026-02-15T00:03:06
2026-02-15T01:48:58.125520,abuse.ch-SSL,csv,https://sslbl.abuse.ch/blacklist/sslblacklist.csv,,csv,8962,,
2026-02-15T01:48:58.156095,abuse.ch-URLhasus,misp,https://urlhaus.abuse.ch/downloads/misp/16ade3e4-5216-4f66-87be-2f54a8bf22e6.json,16ade3e4-5216-4f66-87be-2f54a8bf22e6,json,756,2,2026-02-15T00:15:20
2026-02-15T01:48:58.175882,abuse.ch-Bazaar,misp,https://bazaar.abuse.ch/downloads/misp//e004265a-29d0-44cb-aff8-1f4182e97318.json,e004265a-29d0-44cb-aff8-1f4182e97318,json,912,2,2026-02-15T00:03:02
2026-02-15T01:49:06.803581,Phishtank,csv,https://data.phishtank.com/data/online-valid.csv,,csv,56023,,
2026-02-16T01:45:00.175734,IPsum-l4,text,https://raw.githubusercontent.com/stamparm/ipsum/master/levels/4.txt,,text,9468,,
2026-02-16T01:45:00.194016,IPsum-l5,text,https://raw.githubusercontent.com/stamparm/ipsum/master/levels/5.txt,,text,3529,,
2026-02-16T01:45:00.233158,Alienvault-IP-Reputation,csv,https://reputation.alienvault.com/reputation.generic,,csv,609,,
2026-02-16T01:45:01.997498,abuse.ch-SSL,csv,https://sslbl.abuse.ch/blacklist/sslblacklist.csv,,csv,8962,,
2026-02-16T01:45:02.046341,abuse.ch-Bazaar,misp,https://bazaar.abuse.ch/downloads/misp//2607912f-822c-46a1-aa2c-c3985e13ce43.json,2607912f-822c-46a1-aa2c-c3985e13ce43,json,816,2,2026-02-16T00:03:01
2026-02-16T01:45:02.198542,abuse.ch,misp,https://threatfox.abuse.ch/downloads/misp/44582838-6aa2-434c-bcfd-4618f187cfc4.json,44582838-6aa2-434c-bcfd-4618f187cfc4,json,573,2,2026-02-16T00:03:06
2026-02-16T01:45:02.221437,abuse.ch-URLhasus,misp,https://urlhaus.abuse.ch/downloads/misp/cea27b3d-05aa-4434-949f-4a738e609783.json,cea27b3d-05aa-4434-949f-4a738e609783,json,682,2,2026-02-16T00:15:21
2026-02-17T01:43:38.415005,IPsum-l5,text,https://raw.githubusercontent.com/stamparm/ipsum/master/levels/5.txt,,text,3149,,
2026-02-17T01:43:38.476799,Alienvault-IP-Reputation,csv,https://reputation.alienvault.com/reputation.generic,,csv,609,,
2026-02-17T01:43:38.519021,IPsum-l4,text,https://raw.githubusercontent.com/stamparm/ipsum/master/levels/4.txt,,text,9172,,
2026-02-17T01:43:40.366872,abuse.ch-SSL,csv,https://sslbl.abuse.ch/blacklist/sslblacklist.csv,,csv,8971,,
2026-02-17T01:43:40.384248,abuse.ch,misp,https://threatfox.abuse.ch/downloads/misp/fcb40eed-f21d-4a75-a98f-4d31a34ae0f3.json,fcb40eed-f21d-4a75-a98f-4d31a34ae0f3,json,433,2,2026-02-17T00:03:07
2026-02-17T01:43:40.405860,abuse.ch-URLhasus,misp,https://urlhaus.abuse.ch/downloads/misp/8d16421b-ecdc-4fc1-b2f9-480ce2a48296.json,8d16421b-ecdc-4fc1-b2f9-480ce2a48296,json,962,2,2026-02-17T00:15:20
2026-02-17T01:43:40.439270,abuse.ch-Bazaar,misp,https://bazaar.abuse.ch/downloads/misp//d77ea158-c693-4e43-a602-83772db9f4a7.json,d77ea158-c693-4e43-a602-83772db9f4a7,json,1524,2,2026-02-17T00:03:02
2026-02-17T01:43:49.457100,Phishtank,csv,https://data.phishtank.com/data/online-valid.csv,,csv,56133,,
2026-02-18T01:46:32.096736,IPsum-l5,text,https://raw.githubusercontent.com/stamparm/ipsum/master/levels/5.txt,,text,3064,,
2026-02-18T01:46:32.142177,IPsum-l4,text,https://raw.githubusercontent.com/stamparm/ipsum/master/levels/4.txt,,text,8768,,
2026-02-18T01:46:32.214308,Alienvault-IP-Reputation,csv,https://reputation.alienvault.com/reputation.generic,,csv,609,,
2026-02-18T01:46:34.080352,abuse.ch-SSL,csv,https://sslbl.abuse.ch/blacklist/sslblacklist.csv,,csv,8979,,
2026-02-18T01:46:34.095244,abuse.ch,misp,https://threatfox.abuse.ch/downloads/misp/df5444e7-b016-4e72-90b1-ae8e71348190.json,df5444e7-b016-4e72-90b1-ae8e71348190,json,519,2,2026-02-18T00:03:07
2026-02-18T01:46:34.130963,abuse.ch-URLhasus,misp,https://urlhaus.abuse.ch/downloads/misp/29ec9ee7-9c38-4f0c-80fd-0a3a35e0eb10.json,29ec9ee7-9c38-4f0c-80fd-0a3a35e0eb10,json,1283,2,2026-02-18T00:15:22
2026-02-18T01:46:34.203062,abuse.ch-Bazaar,misp,https://bazaar.abuse.ch/downloads/misp//4ddec21b-cd65-411e-b682-149bca327d95.json,4ddec21b-cd65-411e-b682-149bca327d95,json,3100,2,2026-02-18T00:03:02
2026-02-19T01:45:58.582049,Alienvault-IP-Reputation,csv,https://reputation.alienvault.com/reputation.generic,,csv,609,,
2026-02-19T01:45:58.675002,IPsum-l5,text,https://raw.githubusercontent.com/stamparm/ipsum/master/levels/5.txt,,text,3394,,
2026-02-19T01:46:07.305048,Phishtank,csv,https://data.phishtank.com/data/online-valid.csv,,csv,56280,,
2026-02-19T01:46:07.367221,abuse.ch-URLhasus,misp,https://urlhaus.abuse.ch/downloads/misp/d11955af-fbe3-4a5b-986e-1faaa9ece1dd.json,d11955af-fbe3-4a5b-986e-1faaa9ece1dd,json,1229,2,2026-02-19T00:15:22
2026-02-19T01:46:07.428830,IPsum-l4,text,https://raw.githubusercontent.com/stamparm/ipsum/master/levels/4.txt,,text,8971,,
2026-02-19T01:46:07.459073,abuse.ch-Bazaar,misp,https://bazaar.abuse.ch/downloads/misp//a93a6587-c262-4165-ba09-529acc76900d.json,a93a6587-c262-4165-ba09-529acc76900d,json,1676,2,2026-02-19T00:03:02
2026-02-19T01:46:09.154409,abuse.ch-SSL,csv,https://sslbl.abuse.ch/blacklist/sslblacklist.csv,,csv,8989,,
2026-02-19T01:46:09.163459,abuse.ch,misp,https://threatfox.abuse.ch/downloads/misp/351b46c0-8a40-4a99-bb79-2af7194b0764.json,351b46c0-8a40-4a99-bb79-2af7194b0764,json,364,2,2026-02-19T00:03:08
2026-02-20T01:29:25.281754,IPsum-l5,text,https://raw.githubusercontent.com/stamparm/ipsum/master/levels/5.txt,,text,4692,,
2026-02-20T01:29:25.359966,IPsum-l4,text,https://raw.githubusercontent.com/stamparm/ipsum/master/levels/4.txt,,text,9659,,
2026-02-20T01:29:27.100879,abuse.ch-SSL,csv,https://sslbl.abuse.ch/blacklist/sslblacklist.csv,,csv,8995,,
2026-02-20T01:29:27.234051,abuse.ch,misp,https://threatfox.abuse.ch/downloads/misp/f2105172-eac8-48e8-879c-29e61ead3d19.json,f2105172-eac8-48e8-879c-29e61ead3d19,json,337,2,2026-02-20T00:03:07
2026-02-20T01:29:27.271246,abuse.ch-URLhasus,misp,https://urlhaus.abuse.ch/downloads/misp/b7a03a28-4531-44ce-8672-e40b0d071842.json,b7a03a28-4531-44ce-8672-e40b0d071842,json,794,2,2026-02-20T00:15:21
2026-02-20T01:29:27.456903,Alienvault-IP-Reputation,csv,https://reputation.alienvault.com/reputation.generic,,csv,609,,
2026-02-20T01:29:28.832168,CIRCL OSINT Feed,misp,https://www.circl.lu/doc/misp/feed-osint//09642568-6dd1-47f3-8064-7ef4e3b57fc4.json,09642568-6dd1-47f3-8064-7ef4e3b57fc4,json,1304,2,2026-02-18T23:44:32
2026-02-20T01:29:28.948139,CIRCL OSINT Feed,misp,https://www.circl.lu/doc/misp/feed-osint//4fe4a80e-39cb-43f1-9e95-9ce5ddd98907.json,4fe4a80e-39cb-43f1-9e95-9ce5ddd98907,json,214,2,2026-02-19T14:50:08
2026-02-21T01:27:38.149107,IPsum-l5,text,https://raw.githubusercontent.com/stamparm/ipsum/master/levels/5.txt,,text,4884,,
2026-02-21T01:27:38.188000,IPsum-l4,text,https://raw.githubusercontent.com/stamparm/ipsum/master/levels/4.txt,,text,9804,,
2026-02-21T01:27:39.611048,abuse.ch-SSL,csv,https://sslbl.abuse.ch/blacklist/sslblacklist.csv,,csv,8995,,
2026-02-21T01:27:39.636871,abuse.ch-Bazaar,misp,https://bazaar.abuse.ch/downloads/misp//65dd9b2e-f5bb-4f8e-a781-0d50c5027a31.json,65dd9b2e-f5bb-4f8e-a781-0d50c5027a31,json,1176,2,2026-02-20T00:03:01
2026-02-21T01:27:39.680420,abuse.ch-Bazaar,misp,https://bazaar.abuse.ch/downloads/misp//6391e795-7ee1-46e8-9b63-19bd3498d6ea.json,6391e795-7ee1-46e8-9b63-19bd3498d6ea,json,988,2,2026-02-21T00:03:01
2026-02-21T01:27:39.710034,Alienvault-IP-Reputation,csv,https://reputation.alienvault.com/reputation.generic,,csv,609,,
2026-02-21T01:27:39.823258,abuse.ch,misp,https://threatfox.abuse.ch/downloads/misp/2537b5b8-c187-492a-b111-4b7016f072c1.json,2537b5b8-c187-492a-b111-4b7016f072c1,json,223,2,2026-02-21T00:03:07
2026-02-21T01:27:39.850786,abuse.ch-URLhasus,misp,https://urlhaus.abuse.ch/downloads/misp/fbc6a655-b054-4e5b-b731-3fee1dd76a8e.json,fbc6a655-b054-4e5b-b731-3fee1dd76a8e,json,937,2,2026-02-21T00:15:21
2026-02-21T01:27:41.162936,CIRCL OSINT Feed,misp,https://www.circl.lu/doc/misp/feed-osint//86c24d8c-d787-4278-a266-bbe16f6aba56.json,86c24d8c-d787-4278-a266-bbe16f6aba56,json,2969,2,2026-02-20T21:01:06
2026-02-22T01:44:23.289159,IPsum-l5,text,https://raw.githubusercontent.com/stamparm/ipsum/master/levels/5.txt,,text,4756,,
2026-02-22T01:44:23.350582,IPsum-l4,text,https://raw.githubusercontent.com/stamparm/ipsum/master/levels/4.txt,,text,9933,,
2026-02-22T01:44:25.122349,abuse.ch-SSL,csv,https://sslbl.abuse.ch/blacklist/sslblacklist.csv,,csv,8995,,
2026-02-22T01:44:25.141842,abuse.ch,misp,https://threatfox.abuse.ch/downloads/misp/da7a7e64-be6f-4baf-9774-016c810b76a2.json,da7a7e64-be6f-4baf-9774-016c810b76a2,json,802,2,2026-02-22T00:03:07
2026-02-22T01:44:25.222374,Alienvault-IP-Reputation,csv,https://reputation.alienvault.com/reputation.generic,,csv,609,,
2026-02-22T01:44:25.282422,abuse.ch-Bazaar,misp,https://bazaar.abuse.ch/downloads/misp//083d8e8a-62eb-4fbf-b0e7-71131b13c556.json,083d8e8a-62eb-4fbf-b0e7-71131b13c556,json,928,2,2026-02-22T00:03:02
2026-02-22T01:44:25.298946,abuse.ch-URLhasus,misp,https://urlhaus.abuse.ch/downloads/misp/0aca6369-fb21-4fb6-9bd5-a8ea9069bf2a.json,0aca6369-fb21-4fb6-9bd5-a8ea9069bf2a,json,716,2,2026-02-22T00:15:22
2026-02-22T01:44:26.372751,CIRCL OSINT Feed,misp,https://www.circl.lu/doc/misp/feed-osint//08e5c8f3-3b24-4224-8253-2401d873e387.json,08e5c8f3-3b24-4224-8253-2401d873e387,json,2215,2,2026-02-21T14:00:06
2026-02-23T01:45:13.721583,IPsum-l5,text,https://raw.githubusercontent.com/stamparm/ipsum/master/levels/5.txt,,text,4805,,
2026-02-23T01:45:13.787365,IPsum-l4,text,https://raw.githubusercontent.com/stamparm/ipsum/master/levels/4.txt,,text,9740,,
2026-02-23T01:45:15.733229,abuse.ch-SSL,csv,https://sslbl.abuse.ch/blacklist/sslblacklist.csv,,csv,8997,,
2026-02-23T01:45:15.777117,Alienvault-IP-Reputation,csv,https://reputation.alienvault.com/reputation.generic,,csv,609,,
2026-02-23T01:45:15.862867,abuse.ch-Bazaar,misp,https://bazaar.abuse.ch/downloads/misp//4f81efc2-4d95-43f4-be14-046b6bf0ba13.json,4f81efc2-4d95-43f4-be14-046b6bf0ba13,json,3016,2,2026-02-23T00:03:02
2026-02-23T01:45:15.961973,abuse.ch,misp,https://threatfox.abuse.ch/downloads/misp/b30f6cd0-7820-48cc-bd33-2995468a9dfc.json,b30f6cd0-7820-48cc-bd33-2995468a9dfc,json,293,2,2026-02-23T00:03:07
2026-02-23T01:45:16.031633,abuse.ch-URLhasus,misp,https://urlhaus.abuse.ch/downloads/misp/4846f1dd-671b-4dd8-86c9-b70e5f406d23.json,4846f1dd-671b-4dd8-86c9-b70e5f406d23,json,2337,2,2026-02-23T00:15:21
2026-02-23T01:45:24.658414,Phishtank,csv,https://data.phishtank.com/data/online-valid.csv,,csv,56089,,
2026-02-23T01:45:36.770953,CIRCL OSINT Feed,misp,https://www.circl.lu/doc/misp/feed-osint//62fda2ec-e5d4-4428-afb6-1f0d3a55ec12.json,62fda2ec-e5d4-4428-afb6-1f0d3a55ec12,json,2387,2,2026-02-22T18:04:17
2026-02-24T01:43:02.728717,IPsum-l4,text,https://raw.githubusercontent.com/stamparm/ipsum/master/levels/4.txt,,text,9491,,
2026-02-24T01:43:02.758896,IPsum-l5,text,https://raw.githubusercontent.com/stamparm/ipsum/master/levels/5.txt,,text,4568,,
2026-02-24T01:43:02.881807,abuse.ch-Bazaar,misp,https://bazaar.abuse.ch/downloads/misp//aeb7d726-5540-4e59-a0b0-6dbfe58aad5d.json,aeb7d726-5540-4e59-a0b0-6dbfe58aad5d,json,2456,2,2026-02-24T00:03:01
2026-02-24T01:43:02.925550,Alienvault-IP-Reputation,csv,https://reputation.alienvault.com/reputation.generic,,csv,609,,
2026-02-24T01:43:04.684271,abuse.ch-SSL,csv,https://sslbl.abuse.ch/blacklist/sslblacklist.csv,,csv,9064,,
2026-02-24T01:43:04.702460,abuse.ch,misp,https://threatfox.abuse.ch/downloads/misp/0d94ef47-b307-422a-af20-bb5874785689.json,0d94ef47-b307-422a-af20-bb5874785689,json,1111,2,2026-02-24T00:03:07
2026-02-24T01:43:04.729968,abuse.ch-URLhasus,misp,https://urlhaus.abuse.ch/downloads/misp/e9ba46f6-d89e-47ee-a986-25d962ce7aac.json,e9ba46f6-d89e-47ee-a986-25d962ce7aac,json,1201,2,2026-02-24T00:15:19
2026-02-24T01:43:14.047093,CIRCL OSINT Feed,misp,https://www.circl.lu/doc/misp/feed-osint//357a3a25-95f9-41b7-8870-9cc54d260d69.json,357a3a25-95f9-41b7-8870-9cc54d260d69,json,1192,2,2026-02-23T17:00:58
2026-02-25T01:45:18.330917,IPsum-l4,text,https://raw.githubusercontent.com/stamparm/ipsum/master/levels/4.txt,,text,9921,,
2026-02-25T01:45:18.354243,IPsum-l5,text,https://raw.githubusercontent.com/stamparm/ipsum/master/levels/5.txt,,text,4780,,
2026-02-25T01:45:20.163588,abuse.ch-SSL,csv,https://sslbl.abuse.ch/blacklist/sslblacklist.csv,,csv,9074,,
2026-02-25T01:45:20.244410,abuse.ch-Bazaar,misp,https://bazaar.abuse.ch/downloads/misp//3f065a80-2ca4-4961-9431-2442b1f1be0c.json,3f065a80-2ca4-4961-9431-2442b1f1be0c,json,1860,2,2026-02-25T00:03:01
2026-02-25T01:45:20.304934,Alienvault-IP-Reputation,csv,https://reputation.alienvault.com/reputation.generic,,csv,609,,
2026-02-25T01:45:20.336928,abuse.ch-URLhasus,misp,https://urlhaus.abuse.ch/downloads/misp/3e57bb56-2216-4c3d-8ce5-af79db85b9d1.json,3e57bb56-2216-4c3d-8ce5-af79db85b9d1,json,940,2,2026-02-25T00:15:22
2026-02-25T01:45:20.346195,abuse.ch,misp,https://threatfox.abuse.ch/downloads/misp/9b0b294e-ab2b-4560-96c5-b66aa18635bf.json,9b0b294e-ab2b-4560-96c5-b66aa18635bf,json,396,2,2026-02-25T00:03:07
2026-02-25T01:45:29.245444,Phishtank,csv,https://data.phishtank.com/data/online-valid.csv,,csv,56184,,
2026-02-25T01:45:30.188165,CIRCL OSINT Feed,misp,https://www.circl.lu/doc/misp/feed-osint//b0a9ddc2-de1c-49cb-a8b5-2cd8803e7c35.json,b0a9ddc2-de1c-49cb-a8b5-2cd8803e7c35,json,143,2,2026-02-24T16:00:08
2026-02-26T01:41:32.417152,IPsum-l5,text,https://raw.githubusercontent.com/stamparm/ipsum/master/levels/5.txt,,text,5116,,
2026-02-26T01:41:32.520245,IPsum-l4,text,https://raw.githubusercontent.com/stamparm/ipsum/master/levels/4.txt,,text,10088,,
2026-02-26T01:41:32.667844,abuse.ch-Bazaar,misp,https://bazaar.abuse.ch/downloads/misp//db5261fd-48ce-4484-b628-bb5f8b6312bf.json,db5261fd-48ce-4484-b628-bb5f8b6312bf,json,1504,2,2026-02-26T00:03:02
2026-02-26T01:41:34.419343,abuse.ch-SSL,csv,https://sslbl.abuse.ch/blacklist/sslblacklist.csv,,csv,9075,,
2026-02-26T01:41:34.462929,Alienvault-IP-Reputation,csv,https://reputation.alienvault.com/reputation.generic,,csv,609,,
2026-02-26T01:41:34.470037,abuse.ch,misp,https://threatfox.abuse.ch/downloads/misp/ca786836-03c6-4e90-a37e-597dd49c3016.json,ca786836-03c6-4e90-a37e-597dd49c3016,json,481,2,2026-02-26T00:03:08
2026-02-26T01:41:34.488325,abuse.ch-URLhasus,misp,https://urlhaus.abuse.ch/downloads/misp/72c6bd8a-5a46-4c50-9e4c-3e3e408f4f77.json,72c6bd8a-5a46-4c50-9e4c-3e3e408f4f77,json,847,2,2026-02-26T00:15:21
2026-02-26T01:41:36.480724,CIRCL OSINT Feed,misp,https://www.circl.lu/doc/misp/feed-osint//6af94a64-39c8-4066-a702-7ad7b9cc5cdd.json,6af94a64-39c8-4066-a702-7ad7b9cc5cdd,json,1879,2,2026-02-25T22:01:17
2026-02-27T01:28:12.067371,IPsum-l4,text,https://raw.githubusercontent.com/stamparm/ipsum/master/levels/4.txt,,text,10003,,
2026-02-27T01:28:12.116163,IPsum-l5,text,https://raw.githubusercontent.com/stamparm/ipsum/master/levels/5.txt,,text,4738,,
2026-02-27T01:28:13.963962,abuse.ch-SSL,csv,https://sslbl.abuse.ch/blacklist/sslblacklist.csv,,csv,9099,,
2026-02-27T01:28:14.017418,Alienvault-IP-Reputation,csv,https://reputation.alienvault.com/reputation.generic,,csv,609,,
2026-02-27T01:28:14.078441,abuse.ch-Bazaar,misp,https://bazaar.abuse.ch/downloads/misp//7ebd88ef-a753-47bf-80af-e089acb1eb85.json,7ebd88ef-a753-47bf-80af-e089acb1eb85,json,1712,2,2026-02-27T00:03:02
2026-02-27T01:28:14.193898,abuse.ch,misp,https://threatfox.abuse.ch/downloads/misp/09088328-0951-4aa7-aba0-2700b47c8c83.json,09088328-0951-4aa7-aba0-2700b47c8c83,json,316,2,2026-02-27T00:03:12
2026-02-27T01:28:14.240775,abuse.ch-URLhasus,misp,https://urlhaus.abuse.ch/downloads/misp/dee0b8ec-8c80-4bfb-80cc-d55347832938.json,dee0b8ec-8c80-4bfb-80cc-d55347832938,json,1161,2,2026-02-27T00:15:25
2026-02-27T01:28:22.871692,Phishtank,csv,https://data.phishtank.com/data/online-valid.csv,,csv,56380,,
2026-02-27T01:28:24.442424,CIRCL OSINT Feed,misp,https://www.circl.lu/doc/misp/feed-osint//9291457f-54be-4e1d-b239-3562e18112d7.json,9291457f-54be-4e1d-b239-3562e18112d7,json,652,2,2026-02-26T17:00:11
2026-02-28T01:22:22.362337,IPsum-l5,text,https://raw.githubusercontent.com/stamparm/ipsum/master/levels/5.txt,,text,4889,,
2026-02-28T01:22:24.116760,abuse.ch-SSL,csv,https://sslbl.abuse.ch/blacklist/sslblacklist.csv,,csv,9110,,
2026-02-28T01:22:24.188318,IPsum-l4,text,https://raw.githubusercontent.com/stamparm/ipsum/master/levels/4.txt,,text,10005,,
2026-02-28T01:22:24.243264,abuse.ch-Bazaar,misp,https://bazaar.abuse.ch/downloads/misp//02adfb44-89e2-4204-975a-849635528e93.json,02adfb44-89e2-4204-975a-849635528e93,json,1840,2,2026-02-28T00:03:02
2026-02-28T01:22:24.356603,Alienvault-IP-Reputation,csv,https://reputation.alienvault.com/reputation.generic,,csv,609,,
2026-02-28T01:22:24.381911,abuse.ch-URLhasus,misp,https://urlhaus.abuse.ch/downloads/misp/e4350d90-a83e-4ba9-874b-07cb8a485604.json,e4350d90-a83e-4ba9-874b-07cb8a485604,json,1092,2,2026-02-28T00:15:27
2026-02-28T01:22:24.388839,abuse.ch,misp,https://threatfox.abuse.ch/downloads/misp/d0734dc0-c479-4e2d-8dd3-005f36f8e8a5.json,d0734dc0-c479-4e2d-8dd3-005f36f8e8a5,json,299,2,2026-02-28T00:03:07
2026-02-28T01:22:33.266845,Phishtank,csv,https://data.phishtank.com/data/online-valid.csv,,csv,56240,,
2026-02-28T01:22:35.359242,CIRCL OSINT Feed,misp,https://www.circl.lu/doc/misp/feed-osint//ca644701-62d1-4217-ada4-37452e8086db.json,ca644701-62d1-4217-ada4-37452e8086db,json,311,2,2026-02-27T15:00:12
2026-03-01T01:50:33.173864,IPsum-l5,text,https://raw.githubusercontent.com/stamparm/ipsum/master/levels/5.txt,,text,5348,,
2026-03-01T01:50:33.218384,IPsum-l4,text,https://raw.githubusercontent.com/stamparm/ipsum/master/levels/4.txt,,text,10403,,
2026-03-01T01:50:35.081289,abuse.ch-SSL,csv,https://sslbl.abuse.ch/blacklist/sslblacklist.csv,,csv,9114,,
2026-03-01T01:50:35.138826,Alienvault-IP-Reputation,csv,https://reputation.alienvault.com/reputation.generic,,csv,609,,
2026-03-01T01:50:35.184574,abuse.ch-Bazaar,misp,https://bazaar.abuse.ch/downloads/misp//b12ca26c-46da-4201-a27f-bb6e13341d16.json,b12ca26c-46da-4201-a27f-bb6e13341d16,json,1148,2,2026-03-01T00:03:02
2026-03-01T01:50:35.341713,abuse.ch,misp,https://threatfox.abuse.ch/downloads/misp/d7c053f8-d1ae-4119-89fe-41e1afa48390.json,d7c053f8-d1ae-4119-89fe-41e1afa48390,json,348,2,2026-03-01T00:03:07
2026-03-01T01:50:35.366390,abuse.ch-URLhasus,misp,https://urlhaus.abuse.ch/downloads/misp/ad7ca67b-7aa9-4208-978a-428b2b0bb8ad.json,ad7ca67b-7aa9-4208-978a-428b2b0bb8ad,json,769,2,2026-03-01T00:15:26
2026-03-01T01:50:37.119809,CIRCL OSINT Feed,misp,https://www.circl.lu/doc/misp/feed-osint//9e0caac4-8305-4eef-89de-4f96622aef35.json,9e0caac4-8305-4eef-89de-4f96622aef35,json,2732,2,2026-02-28T22:03:09
2026-03-02T01:42:46.860237,Alienvault-IP-Reputation,csv,https://reputation.alienvault.com/reputation.generic,,csv,609,,
2026-03-02T01:42:46.887175,IPsum-l5,text,https://raw.githubusercontent.com/stamparm/ipsum/master/levels/5.txt,,text,5264,,
2026-03-02T01:42:46.936637,IPsum-l4,text,https://raw.githubusercontent.com/stamparm/ipsum/master/levels/4.txt,,text,10656,,
2026-03-02T01:42:48.326943,abuse.ch-SSL,csv,https://sslbl.abuse.ch/blacklist/sslblacklist.csv,,csv,9116,,
2026-03-02T01:42:48.517230,abuse.ch,misp,https://threatfox.abuse.ch/downloads/misp/28037c73-51a9-487d-9fc6-cd7a35f49c9f.json,28037c73-51a9-487d-9fc6-cd7a35f49c9f,json,435,2,2026-03-02T00:03:07
2026-03-02T01:42:48.560030,abuse.ch-Bazaar,misp,https://bazaar.abuse.ch/downloads/misp//3ce7d9b3-e4b6-49a8-87be-ed528c2a5774.json,3ce7d9b3-e4b6-49a8-87be-ed528c2a5774,json,1144,2,2026-03-02T00:03:01
2026-03-02T01:42:48.573115,abuse.ch-URLhasus,misp,https://urlhaus.abuse.ch/downloads/misp/caaafb88-6d5e-4d5d-8ba8-2c8d37e23ab9.json,caaafb88-6d5e-4d5d-8ba8-2c8d37e23ab9,json,674,2,2026-03-02T00:15:26
2026-03-02T01:42:51.705781,CIRCL OSINT Feed,misp,https://www.circl.lu/doc/misp/feed-osint//f03c756e-d0d0-484c-a8b9-85ab0dc2a2eb.json,f03c756e-d0d0-484c-a8b9-85ab0dc2a2eb,json,5490,2,2026-03-01T18:00:06
2026-03-03T01:45:12.172667,IPsum-l5,text,https://raw.githubusercontent.com/stamparm/ipsum/master/levels/5.txt,,text,4690,,
2026-03-03T01:45:12.216584,IPsum-l4,text,https://raw.githubusercontent.com/stamparm/ipsum/master/levels/4.txt,,text,10205,,
2026-03-03T01:45:13.981170,abuse.ch-SSL,csv,https://sslbl.abuse.ch/blacklist/sslblacklist.csv,,csv,9138,,
2026-03-03T01:45:14.064652,Alienvault-IP-Reputation,csv,https://reputation.alienvault.com/reputation.generic,,csv,609,,
2026-03-03T01:45:14.126841,abuse.ch-URLhasus,misp,https://urlhaus.abuse.ch/downloads/misp/2c76fadd-5038-47bf-952a-2b5e9d79ba09.json,2c76fadd-5038-47bf-952a-2b5e9d79ba09,json,808,2,2026-03-03T00:15:28
2026-03-03T01:45:14.234434,abuse.ch-Bazaar,misp,https://bazaar.abuse.ch/downloads/misp//da8f719f-5b1d-492b-8305-ea3c3fe3b28b.json,da8f719f-5b1d-492b-8305-ea3c3fe3b28b,json,1808,2,2026-03-03T00:03:01
2026-03-03T01:45:14.390042,abuse.ch,misp,https://threatfox.abuse.ch/downloads/misp/96705117-0818-4d04-9b1f-38512216c94b.json,96705117-0818-4d04-9b1f-38512216c94b,json,572,2,2026-03-03T00:03:06
2026-03-03T01:45:16.399843,CIRCL OSINT Feed,misp,https://www.circl.lu/doc/misp/feed-osint//fa6aa843-efeb-47d1-aeb4-37679b1ae471.json,fa6aa843-efeb-47d1-aeb4-37679b1ae471,json,294,2,2026-03-02T22:00:06
2026-03-04T01:28:05.211589,IPsum-l4,text,https://raw.githubusercontent.com/stamparm/ipsum/master/levels/4.txt,,text,10405,,
2026-03-04T01:28:05.231490,IPsum-l5,text,https://raw.githubusercontent.com/stamparm/ipsum/master/levels/5.txt,,text,4791,,
2026-03-04T01:28:05.449319,abuse.ch-Bazaar,misp,https://bazaar.abuse.ch/downloads/misp//d6e489f3-cd61-44de-8984-1c54fb2b0659.json,d6e489f3-cd61-44de-8984-1c54fb2b0659,json,1516,2,2026-03-04T00:03:01
2026-03-04T01:28:07.262380,abuse.ch-SSL,csv,https://sslbl.abuse.ch/blacklist/sslblacklist.csv,,csv,9150,,
2026-03-04T01:28:07.307869,Alienvault-IP-Reputation,csv,https://reputation.alienvault.com/reputation.generic,,csv,609,,
2026-03-04T01:28:07.322364,abuse.ch,misp,https://threatfox.abuse.ch/downloads/misp/5549ff0c-360f-48f6-a736-45c7872d1181.json,5549ff0c-360f-48f6-a736-45c7872d1181,json,889,2,2026-03-04T00:03:06
2026-03-04T01:28:16.144455,Phishtank,csv,https://data.phishtank.com/data/online-valid.csv,,csv,56105,,
2026-03-04T01:28:16.181264,abuse.ch-URLhasus,misp,https://urlhaus.abuse.ch/downloads/misp/60f94427-09a3-4d35-99f0-a69b73d107d6.json,60f94427-09a3-4d35-99f0-a69b73d107d6,json,736,2,2026-03-04T00:15:23
2026-03-04T01:28:17.367702,CIRCL OSINT Feed,misp,https://www.circl.lu/doc/misp/feed-osint//6d3070b9-a5c3-4553-8941-341f3594ad6d.json,6d3070b9-a5c3-4553-8941-341f3594ad6d,json,3120,2,2026-03-03T21:00:33
2026-03-04T02:53:48.389380,IPsum-l4,text,https://raw.githubusercontent.com/stamparm/ipsum/master/levels/4.txt,,text,9883,,
2026-03-04T02:53:48.406983,IPsum-l5,text,https://raw.githubusercontent.com/stamparm/ipsum/master/levels/5.txt,,text,4563,,
2026-03-04T02:53:48.484214,Alienvault-IP-Reputation,csv,https://reputation.alienvault.com/reputation.generic,,csv,609,,
2026-03-04T02:53:50.362729,abuse.ch-SSL,csv,https://sslbl.abuse.ch/blacklist/sslblacklist.csv,,csv,9150,,
2026-03-05T01:42:26.182994,IPsum-l5,text,https://raw.githubusercontent.com/stamparm/ipsum/master/levels/5.txt,,text,4563,,
2026-03-05T01:42:26.228623,abuse.ch-Bazaar,misp,https://bazaar.abuse.ch/downloads/misp//8cf15c80-6ff1-43b2-97d6-09e77d28f3c9.json,8cf15c80-6ff1-43b2-97d6-09e77d28f3c9,json,1296,2,2026-03-05T00:03:02
2026-03-05T01:42:26.287721,IPsum-l4,text,https://raw.githubusercontent.com/stamparm/ipsum/master/levels/4.txt,,text,9883,,
2026-03-05T01:42:28.013988,abuse.ch-SSL,csv,https://sslbl.abuse.ch/blacklist/sslblacklist.csv,,csv,9155,,
2026-03-05T01:42:28.066701,Alienvault-IP-Reputation,csv,https://reputation.alienvault.com/reputation.generic,,csv,609,,
2026-03-05T01:42:36.691313,Phishtank,csv,https://data.phishtank.com/data/online-valid.csv,,csv,56133,,
2026-03-05T01:42:36.726043,abuse.ch-URLhasus,misp,https://urlhaus.abuse.ch/downloads/misp/83a1c3ab-c890-4f73-9964-b45667bf195c.json,83a1c3ab-c890-4f73-9964-b45667bf195c,json,619,2,2026-03-05T00:15:28
2026-03-05T01:42:36.872742,abuse.ch,misp,https://threatfox.abuse.ch/downloads/misp/a86e90f3-8e1c-4c1f-8955-db98075431c4.json,a86e90f3-8e1c-4c1f-8955-db98075431c4,json,431,2,2026-03-05T00:03:06
2026-03-05T01:42:37.992446,CIRCL OSINT Feed,misp,https://www.circl.lu/doc/misp/feed-osint//1a7bb6df-0e3f-4ae3-9329-bfe19436ba3e.json,1a7bb6df-0e3f-4ae3-9329-bfe19436ba3e,json,1893,2,2026-03-04T17:00:07
2026-03-06T01:44:18.976969,IPsum-l5,text,https://raw.githubusercontent.com/stamparm/ipsum/master/levels/5.txt,,text,3900,,
2026-03-06T01:44:19.065342,IPsum-l4,text,https://raw.githubusercontent.com/stamparm/ipsum/master/levels/4.txt,,text,8455,,
2026-03-06T01:44:19.108319,Alienvault-IP-Reputation,csv,https://reputation.alienvault.com/reputation.generic,,csv,609,,
2026-03-06T01:44:20.904856,abuse.ch-SSL,csv,https://sslbl.abuse.ch/blacklist/sslblacklist.csv,,csv,9176,,
2026-03-06T01:44:20.947327,abuse.ch-URLhasus,misp,https://urlhaus.abuse.ch/downloads/misp/ef7682d3-1ff9-4536-aff4-709634c1c976.json,ef7682d3-1ff9-4536-aff4-709634c1c976,json,955,2,2026-03-06T00:15:26
2026-03-06T01:44:20.984985,abuse.ch-Bazaar,misp,https://bazaar.abuse.ch/downloads/misp//c568d6f8-f7e0-4167-87f8-af154ef4a6f2.json,c568d6f8-f7e0-4167-87f8-af154ef4a6f2,json,1644,2,2026-03-06T00:03:02
2026-03-06T01:44:29.574121,Phishtank,csv,https://data.phishtank.com/data/online-valid.csv,,csv,56183,,
2026-03-06T01:44:29.604302,abuse.ch,misp,https://threatfox.abuse.ch/downloads/misp/491595cc-0454-4d6a-94ea-98219603a31a.json,491595cc-0454-4d6a-94ea-98219603a31a,json,769,2,2026-03-06T00:03:06
2026-03-06T01:44:38.964658,CIRCL OSINT Feed,misp,https://www.circl.lu/doc/misp/feed-osint//8fc3c0c8-f8e9-497d-9109-a6ec8c562f07.json,8fc3c0c8-f8e9-497d-9109-a6ec8c562f07,json,2380,2,2026-03-05T23:00:06
2026-03-07T01:25:46.217657,IPsum-l5,text,https://raw.githubusercontent.com/stamparm/ipsum/master/levels/5.txt,,text,3646,,
2026-03-07T01:25:46.263854,IPsum-l4,text,https://raw.githubusercontent.com/stamparm/ipsum/master/levels/4.txt,,text,8330,,
2026-03-07T01:25:48.151147,abuse.ch-SSL,csv,https://sslbl.abuse.ch/blacklist/sslblacklist.csv,,csv,9178,,
2026-03-07T01:25:48.237172,Alienvault-IP-Reputation,csv,https://reputation.alienvault.com/reputation.generic,,csv,609,,
2026-03-07T01:25:48.319699,abuse.ch,misp,https://threatfox.abuse.ch/downloads/misp/31e73d2b-ef62-4492-ae9e-540a53ffae6e.json,31e73d2b-ef62-4492-ae9e-540a53ffae6e,json,1043,2,2026-03-07T00:03:07
2026-03-07T01:25:48.366370,abuse.ch-URLhasus,misp,https://urlhaus.abuse.ch/downloads/misp/518e1e41-6547-4fe3-8098-e2059443055c.json,518e1e41-6547-4fe3-8098-e2059443055c,json,1410,2,2026-03-07T00:15:24
2026-03-07T01:25:49.747381,CIRCL OSINT Feed,misp,https://www.circl.lu/doc/misp/feed-osint//aed7456d-ab11-46a3-90af-5819628f7a0c.json,aed7456d-ab11-46a3-90af-5819628f7a0c,json,1881,2,2026-03-06T21:00:42
2026-03-08T01:42:59.528946,IPsum-l5,text,https://raw.githubusercontent.com/stamparm/ipsum/master/levels/5.txt,,text,4081,,
2026-03-08T01:42:59.582042,Alienvault-IP-Reputation,csv,https://reputation.alienvault.com/reputation.generic,,csv,609,,
2026-03-08T01:42:59.618076,IPsum-l4,text,https://raw.githubusercontent.com/stamparm/ipsum/master/levels/4.txt,,text,8728,,
2026-03-08T01:43:01.361206,abuse.ch-SSL,csv,https://sslbl.abuse.ch/blacklist/sslblacklist.csv,,csv,9201,,
2026-03-08T01:43:01.571605,abuse.ch,misp,https://threatfox.abuse.ch/downloads/misp/072d828a-69d3-4b33-8085-1b5ec5f1bff5.json,072d828a-69d3-4b33-8085-1b5ec5f1bff5,json,721,2,2026-03-08T00:03:06
2026-03-08T01:43:01.599832,abuse.ch-URLhasus,misp,https://urlhaus.abuse.ch/downloads/misp/5c9bf21d-2aeb-40fc-82b9-ba16ab16b93e.json,5c9bf21d-2aeb-40fc-82b9-ba16ab16b93e,json,845,2,2026-03-08T00:15:23
2026-03-08T01:43:01.698643,abuse.ch-Bazaar,misp,https://bazaar.abuse.ch/downloads/misp//21040572-f08c-4c6a-b3b3-6c50c3b84717.json,21040572-f08c-4c6a-b3b3-6c50c3b84717,json,4460,2,2026-03-07T00:03:01
2026-03-08T01:43:01.775270,abuse.ch-Bazaar,misp,https://bazaar.abuse.ch/downloads/misp//a360843c-a474-49a9-98d8-6acab30f9224.json,a360843c-a474-49a9-98d8-6acab30f9224,json,1080,2,2026-03-08T00:03:01
2026-03-09T01:44:17.235511,IPsum-l5,text,https://raw.githubusercontent.com/stamparm/ipsum/master/levels/5.txt,,text,4059,,
2026-03-09T01:44:17.304730,IPsum-l4,text,https://raw.githubusercontent.com/stamparm/ipsum/master/levels/4.txt,,text,8473,,
2026-03-09T01:44:17.422670,abuse.ch-Bazaar,misp,https://bazaar.abuse.ch/downloads/misp//2ed673dd-fd92-45b6-bc6c-23af63f1584a.json,2ed673dd-fd92-45b6-bc6c-23af63f1584a,json,1212,2,2026-03-09T00:03:01
2026-03-09T01:44:19.265364,abuse.ch-SSL,csv,https://sslbl.abuse.ch/blacklist/sslblacklist.csv,,csv,9208,,
2026-03-09T01:44:19.305461,abuse.ch-URLhasus,misp,https://urlhaus.abuse.ch/downloads/misp/eaf04ce7-d562-4364-a3e0-fc822be46526.json,eaf04ce7-d562-4364-a3e0-fc822be46526,json,1237,2,2026-03-09T00:15:24
2026-03-09T01:44:19.393614,Alienvault-IP-Reputation,csv,https://reputation.alienvault.com/reputation.generic,,csv,609,,
2026-03-09T01:44:19.463890,abuse.ch,misp,https://threatfox.abuse.ch/downloads/misp/6194b8be-ace5-4dc0-9fd7-31045463bf33.json,6194b8be-ace5-4dc0-9fd7-31045463bf33,json,406,2,2026-03-09T00:03:06
2026-03-09T01:44:28.607884,Phishtank,csv,https://data.phishtank.com/data/online-valid.csv,,csv,56138,,
2026-03-09T01:44:34.174805,CIRCL OSINT Feed,misp,https://www.circl.lu/doc/misp/feed-osint//59b761e9-9482-40c2-86f4-3afbca62f405.json,59b761e9-9482-40c2-86f4-3afbca62f405,json,496,2,2026-03-08T22:00:07
2026-03-09T01:44:36.405676,CIRCL OSINT Feed,misp,https://www.circl.lu/doc/misp/feed-osint//1a4c6b9d-cb3e-47b7-881a-67cd97bd146d.json,1a4c6b9d-cb3e-47b7-881a-67cd97bd146d,json,2014,2,2026-03-07T22:00:06
2026-03-09T07:08:58.706572,IPsum-l5,text,https://raw.githubusercontent.com/stamparm/ipsum/master/levels/5.txt,,text,3945,,
2026-03-09T07:08:58.807191,IPsum-l4,text,https://raw.githubusercontent.com/stamparm/ipsum/master/levels/4.txt,,text,8193,,
2026-03-09T07:09:00.682234,abuse.ch-SSL,csv,https://sslbl.abuse.ch/blacklist/sslblacklist.csv,,csv,9211,,
2026-03-09T07:09:00.738696,Alienvault-IP-Reputation,csv,https://reputation.alienvault.com/reputation.generic,,csv,609,,
2026-03-09T07:09:09.861401,Phishtank,csv,https://data.phishtank.com/data/online-valid.csv,,csv,56121,,
2026-03-09T07:29:07.628766,IPsum-l5,text,https://raw.githubusercontent.com/stamparm/ipsum/master/levels/5.txt,,text,3945,,
2026-03-09T07:29:07.722400,IPsum-l4,text,https://raw.githubusercontent.com/stamparm/ipsum/master/levels/4.txt,,text,8193,,
2026-03-09T07:29:07.817403,Alienvault-IP-Reputation,csv,https://reputation.alienvault.com/reputation.generic,,csv,609,,
2026-03-09T07:29:09.680179,abuse.ch-SSL,csv,https://sslbl.abuse.ch/blacklist/sslblacklist.csv,,csv,9211,,
2026-03-10T01:26:19.469553,Alienvault-IP-Reputation,csv,https://reputation.alienvault.com/reputation.generic,,csv,609,,
2026-03-10T01:26:19.550498,IPsum-l4,text,https://raw.githubusercontent.com/stamparm/ipsum/master/levels/4.txt,,text,8193,,
2026-03-10T01:26:19.565833,IPsum-l5,text,https://raw.githubusercontent.com/stamparm/ipsum/master/levels/5.txt,,text,3945,,
2026-03-10T01:26:19.931150,abuse.ch,misp,https://threatfox.abuse.ch/downloads/misp/db05c214-0ade-4028-910e-19a55ce855ab.json,db05c214-0ade-4028-910e-19a55ce855ab,json,498,2,2026-03-10T00:03:07
2026-03-10T01:26:28.449182,Phishtank,csv,https://data.phishtank.com/data/online-valid.csv,,csv,56144,,
2026-03-10T01:26:28.493875,abuse.ch-URLhasus,misp,https://urlhaus.abuse.ch/downloads/misp/47fd4e68-2443-4ac1-8ee1-d64b1da6c047.json,47fd4e68-2443-4ac1-8ee1-d64b1da6c047,json,841,2,2026-03-10T00:15:26
2026-03-10T01:26:28.584641,abuse.ch-Bazaar,misp,https://bazaar.abuse.ch/downloads/misp//0bfd1fe5-6f9e-4095-bf67-5dd79ef765c5.json,0bfd1fe5-6f9e-4095-bf67-5dd79ef765c5,json,1448,2,2026-03-10T00:03:02
2026-03-10T01:26:30.313022,abuse.ch-SSL,csv,https://sslbl.abuse.ch/blacklist/sslblacklist.csv,,csv,9217,,
2026-03-10T01:26:32.151858,CIRCL OSINT Feed,misp,https://www.circl.lu/doc/misp/feed-osint//149601cb-8422-4639-8140-03e3b692598b.json,149601cb-8422-4639-8140-03e3b692598b,json,673,2,2026-03-09T19:00:10
2026-03-11T01:26:21.633848,IPsum-l5,text,https://raw.githubusercontent.com/stamparm/ipsum/master/levels/5.txt,,text,3936,,
2026-03-11T01:26:21.752668,IPsum-l4,text,https://raw.githubusercontent.com/stamparm/ipsum/master/levels/4.txt,,text,8342,,
2026-03-11T01:26:21.872302,Alienvault-IP-Reputation,csv,https://reputation.alienvault.com/reputation.generic,,csv,609,,
2026-03-11T01:26:21.973039,abuse.ch-Bazaar,misp,https://bazaar.abuse.ch/downloads/misp//bd439c11-bf05-40d3-9c12-a3288d2a49ae.json,bd439c11-bf05-40d3-9c12-a3288d2a49ae,json,956,2,2026-03-11T00:03:02
2026-03-11T01:26:23.817826,abuse.ch-SSL,csv,https://sslbl.abuse.ch/blacklist/sslblacklist.csv,,csv,9221,,
2026-03-11T01:26:23.839180,abuse.ch-URLhasus,misp,https://urlhaus.abuse.ch/downloads/misp/b7fb793c-c6f0-4ce9-8080-5f853f7766c6.json,b7fb793c-c6f0-4ce9-8080-5f853f7766c6,json,710,2,2026-03-11T00:15:33
2026-03-11T01:26:25.122247,CIRCL OSINT Feed,misp,https://www.circl.lu/doc/misp/feed-osint//398d73ec-12fc-45d0-97d4-34dc6b9eed69.json,398d73ec-12fc-45d0-97d4-34dc6b9eed69,json,1232,2,2026-03-10T17:00:51
2026-03-12T01:26:14.410510,IPsum-l5,text,https://raw.githubusercontent.com/stamparm/ipsum/master/levels/5.txt,,text,1924,,
2026-03-12T01:26:14.448092,IPsum-l4,text,https://raw.githubusercontent.com/stamparm/ipsum/master/levels/4.txt,,text,8152,,
2026-03-12T01:26:14.509599,Alienvault-IP-Reputation,csv,https://reputation.alienvault.com/reputation.generic,,csv,609,,
2026-03-12T01:26:14.571341,abuse.ch-Bazaar,misp,https://bazaar.abuse.ch/downloads/misp//d48453d2-9703-4535-a511-3587fea6ed88.json,d48453d2-9703-4535-a511-3587fea6ed88,json,1668,2,2026-03-12T00:03:02
2026-03-12T01:26:16.371681,abuse.ch-SSL,csv,https://sslbl.abuse.ch/blacklist/sslblacklist.csv,,csv,9234,,
2026-03-12T01:26:16.388227,abuse.ch,misp,https://threatfox.abuse.ch/downloads/misp/43cbf3f3-ecdd-4923-bc0c-584dc0294ebc.json,43cbf3f3-ecdd-4923-bc0c-584dc0294ebc,json,527,2,2026-03-12T00:03:08
2026-03-12T01:26:16.578869,abuse.ch-URLhasus,misp,https://urlhaus.abuse.ch/downloads/misp/3f17f3f1-a280-4d5c-97c3-691c02fcda1a.json,3f17f3f1-a280-4d5c-97c3-691c02fcda1a,json,682,2,2026-03-12T00:15:26
2026-03-12T01:26:18.898860,CIRCL OSINT Feed,misp,https://www.circl.lu/doc/misp/feed-osint//cd114f15-0701-4df4-aec4-7d4aedece4b6.json,cd114f15-0701-4df4-aec4-7d4aedece4b6,json,1736,2,2026-03-11T21:00:15
2026-03-13T01:41:48.011172,IPsum-l4,text,https://raw.githubusercontent.com/stamparm/ipsum/master/levels/4.txt,,text,7892,,
2026-03-13T01:41:48.033359,IPsum-l5,text,https://raw.githubusercontent.com/stamparm/ipsum/master/levels/5.txt,,text,2363,,
2026-03-13T01:41:48.179331,Alienvault-IP-Reputation,csv,https://reputation.alienvault.com/reputation.generic,,csv,609,,
2026-03-13T01:41:49.944251,abuse.ch-SSL,csv,https://sslbl.abuse.ch/blacklist/sslblacklist.csv,,csv,9243,,
2026-03-13T01:41:49.963869,abuse.ch,misp,https://threatfox.abuse.ch/downloads/misp/729349ca-33ac-42f1-9141-01aba4897eda.json,729349ca-33ac-42f1-9141-01aba4897eda,json,479,2,2026-03-13T00:03:08
2026-03-13T01:41:50.008038,abuse.ch-Bazaar,misp,https://bazaar.abuse.ch/downloads/misp//495956a5-4fa9-4e2a-97b6-9b12f36b56a2.json,495956a5-4fa9-4e2a-97b6-9b12f36b56a2,json,1524,2,2026-03-13T00:03:02
2026-03-13T01:41:50.128318,abuse.ch-URLhasus,misp,https://urlhaus.abuse.ch/downloads/misp/c162b03d-84cb-434d-8da8-3ee7b6063b3c.json,c162b03d-84cb-434d-8da8-3ee7b6063b3c,json,817,2,2026-03-13T00:15:21
2026-03-14T01:27:55.773488,IPsum-l5,text,https://raw.githubusercontent.com/stamparm/ipsum/master/levels/5.txt,,text,3990,,
2026-03-14T01:27:55.848307,IPsum-l4,text,https://raw.githubusercontent.com/stamparm/ipsum/master/levels/4.txt,,text,8650,,
2026-03-14T01:27:55.913417,Alienvault-IP-Reputation,csv,https://reputation.alienvault.com/reputation.generic,,csv,609,,
2026-03-14T01:27:55.953676,abuse.ch-Bazaar,misp,https://bazaar.abuse.ch/downloads/misp//fbf6be6d-3901-4c1c-a916-ab9258fb37a1.json,fbf6be6d-3901-4c1c-a916-ab9258fb37a1,json,1016,2,2026-03-14T00:03:02
2026-03-14T01:27:56.130409,abuse.ch,misp,https://threatfox.abuse.ch/downloads/misp/148314e8-b32d-4adb-b01a-9def6eeb95f9.json,148314e8-b32d-4adb-b01a-9def6eeb95f9,json,921,2,2026-03-14T00:03:08
2026-03-14T01:27:56.150365,abuse.ch-URLhasus,misp,https://urlhaus.abuse.ch/downloads/misp/2d5da108-f544-463d-ac8d-fe2a1747579f.json,2d5da108-f544-463d-ac8d-fe2a1747579f,json,700,2,2026-03-14T00:15:24
2026-03-14T01:28:04.938247,Phishtank,csv,https://data.phishtank.com/data/online-valid.csv,,csv,56500,,
2026-03-14T01:28:06.772666,abuse.ch-SSL,csv,https://sslbl.abuse.ch/blacklist/sslblacklist.csv,,csv,9243,,
2026-03-14T01:28:09.190314,CIRCL OSINT Feed,misp,https://www.circl.lu/doc/misp/feed-osint//50a92044-100a-483c-91fa-21439acde32f.json,50a92044-100a-483c-91fa-21439acde32f,json,732,2,2026-03-12T19:00:06
2026-03-14T01:28:10.214893,CIRCL OSINT Feed,misp,https://www.circl.lu/doc/misp/feed-osint//63adc937-9506-463f-9d28-ec2e3ac56093.json,63adc937-9506-463f-9d28-ec2e3ac56093,json,1169,2,2026-03-13T16:00:05
2026-03-15T01:54:14.893054,IPsum-l5,text,https://raw.githubusercontent.com/stamparm/ipsum/master/levels/5.txt,,text,3882,,
2026-03-15T01:54:14.926069,IPsum-l4,text,https://raw.githubusercontent.com/stamparm/ipsum/master/levels/4.txt,,text,8612,,
2026-03-15T01:54:16.793911,abuse.ch-SSL,csv,https://sslbl.abuse.ch/blacklist/sslblacklist.csv,,csv,9263,,
2026-03-15T01:54:16.873584,abuse.ch-Bazaar,misp,https://bazaar.abuse.ch/downloads/misp//557d6337-6f8b-437e-b55a-b4c5d17771e0.json,557d6337-6f8b-437e-b55a-b4c5d17771e0,json,1964,2,2026-03-15T00:03:02
2026-03-15T01:54:16.928375,Alienvault-IP-Reputation,csv,https://reputation.alienvault.com/reputation.generic,,csv,609,,
2026-03-15T01:54:16.963645,abuse.ch,misp,https://threatfox.abuse.ch/downloads/misp/8aac927f-3f83-4db5-8c29-42cab2e47d98.json,8aac927f-3f83-4db5-8c29-42cab2e47d98,json,827,2,2026-03-15T00:03:08
2026-03-15T01:54:25.824114,Phishtank,csv,https://data.phishtank.com/data/online-valid.csv,,csv,56409,,
2026-03-15T01:54:27.771923,CIRCL OSINT Feed,misp,https://www.circl.lu/doc/misp/feed-osint//4bd4cda9-58b5-4b5a-a047-96bbc62113f5.json,4bd4cda9-58b5-4b5a-a047-96bbc62113f5,json,4473,2,2026-03-14T23:01:39
2026-03-16T01:55:41.216947,IPsum-l4,text,https://raw.githubusercontent.com/stamparm/ipsum/master/levels/4.txt,,text,8455,,
2026-03-16T01:55:41.262043,IPsum-l5,text,https://raw.githubusercontent.com/stamparm/ipsum/master/levels/5.txt,,text,3966,,
2026-03-16T01:55:43.121250,abuse.ch-SSL,csv,https://sslbl.abuse.ch/blacklist/sslblacklist.csv,,csv,9263,,
2026-03-16T01:55:43.159256,Alienvault-IP-Reputation,csv,https://reputation.alienvault.com/reputation.generic,,csv,609,,
2026-03-16T01:55:43.311714,abuse.ch-Bazaar,misp,https://bazaar.abuse.ch/downloads/misp//4bbc1254-d2c9-459f-be5d-52a98d9f9a8e.json,4bbc1254-d2c9-459f-be5d-52a98d9f9a8e,json,856,2,2026-03-16T00:03:01
2026-03-16T01:55:43.322220,abuse.ch,misp,https://threatfox.abuse.ch/downloads/misp/3a527e7c-e44c-47eb-91e6-ee9ed6d7ca3c.json,3a527e7c-e44c-47eb-91e6-ee9ed6d7ca3c,json,682,2,2026-03-16T00:03:07
2026-03-16T01:55:43.462854,abuse.ch-URLhasus,misp,https://urlhaus.abuse.ch/downloads/misp/f0b0183d-97c0-4534-8cf7-a0bfaf26085c.json,f0b0183d-97c0-4534-8cf7-a0bfaf26085c,json,697,2,2026-03-16T00:15:28
2026-03-16T01:55:52.507415,Phishtank,csv,https://data.phishtank.com/data/online-valid.csv,,csv,56302,,
2026-03-16T01:55:53.685916,CIRCL OSINT Feed,misp,https://www.circl.lu/doc/misp/feed-osint//878f5b33-0fcf-4191-8295-4bcddeb6437a.json,878f5b33-0fcf-4191-8295-4bcddeb6437a,json,1064,2,2026-03-15T19:00:48
2026-03-17T01:43:43.060899,IPsum-l4,text,https://raw.githubusercontent.com/stamparm/ipsum/master/levels/4.txt,,text,8074,,
2026-03-17T01:43:43.081721,IPsum-l5,text,https://raw.githubusercontent.com/stamparm/ipsum/master/levels/5.txt,,text,3873,,
2026-03-17T01:43:44.962979,abuse.ch-SSL,csv,https://sslbl.abuse.ch/blacklist/sslblacklist.csv,,csv,9278,,
2026-03-17T01:43:45.121667,Alienvault-IP-Reputation,csv,https://reputation.alienvault.com/reputation.generic,,csv,609,,
2026-03-17T01:43:45.160694,abuse.ch,misp,https://threatfox.abuse.ch/downloads/misp/b33e3f47-c10f-4127-bb7f-8c45f48c48f6.json,b33e3f47-c10f-4127-bb7f-8c45f48c48f6,json,1121,2,2026-03-17T00:03:08
2026-03-17T01:43:45.179047,abuse.ch-URLhasus,misp,https://urlhaus.abuse.ch/downloads/misp/2eef3c51-c6fd-4fa5-a099-5cea4965f7a1.json,2eef3c51-c6fd-4fa5-a099-5cea4965f7a1,json,733,2,2026-03-17T00:15:23
2026-03-17T01:43:45.205554,abuse.ch-Bazaar,misp,https://bazaar.abuse.ch/downloads/misp//4e376e22-a422-40ba-a1eb-c6647796b543.json,4e376e22-a422-40ba-a1eb-c6647796b543,json,1240,2,2026-03-17T00:03:02
2026-03-17T01:43:54.503718,Phishtank,csv,https://data.phishtank.com/data/online-valid.csv,,csv,56284,,
2026-03-17T01:43:56.101341,CIRCL OSINT Feed,misp,https://www.circl.lu/doc/misp/feed-osint//debce8d5-cb0e-4413-9917-816a04a1373b.json,debce8d5-cb0e-4413-9917-816a04a1373b,json,1133,2,2026-03-16T16:00:09
2026-03-18T01:48:26.591194,IPsum-l5,text,https://raw.githubusercontent.com/stamparm/ipsum/master/levels/5.txt,,text,3941,,
2026-03-18T01:48:26.651589,IPsum-l4,text,https://raw.githubusercontent.com/stamparm/ipsum/master/levels/4.txt,,text,8553,,
2026-03-18T01:48:26.898191,Alienvault-IP-Reputation,csv,https://reputation.alienvault.com/reputation.generic,,csv,609,,
2026-03-18T01:48:26.951370,abuse.ch-URLhasus,misp,https://urlhaus.abuse.ch/downloads/misp/1dd946a2-24e8-49f3-b597-d58884a76316.json,1dd946a2-24e8-49f3-b597-d58884a76316,json,870,2,2026-03-18T00:15:24
2026-03-18T01:48:27.015719,abuse.ch-Bazaar,misp,https://bazaar.abuse.ch/downloads/misp//1edd1d99-d2d5-44f0-bb4a-7a92797c875d.json,1edd1d99-d2d5-44f0-bb4a-7a92797c875d,json,1424,2,2026-03-18T00:03:02
2026-03-18T01:48:28.776583,abuse.ch-SSL,csv,https://sslbl.abuse.ch/blacklist/sslblacklist.csv,,csv,9288,,
2026-03-18T01:48:28.792157,abuse.ch,misp,https://threatfox.abuse.ch/downloads/misp/4c58a507-2502-44da-a670-a099b82aa04c.json,4c58a507-2502-44da-a670-a099b82aa04c,json,812,2,2026-03-18T00:03:06
2026-03-18T01:48:37.754193,Phishtank,csv,https://data.phishtank.com/data/online-valid.csv,,csv,56229,,
2026-03-18T01:48:39.568422,CIRCL OSINT Feed,misp,https://www.circl.lu/doc/misp/feed-osint//a1e436cc-7d82-4c1f-8e18-912cb5b1dc7d.json,a1e436cc-7d82-4c1f-8e18-912cb5b1dc7d,json,874,2,2026-03-17T20:00:11
2026-03-19T01:48:51.212923,IPsum-l5,text,https://raw.githubusercontent.com/stamparm/ipsum/master/levels/5.txt,,text,3928,,
2026-03-19T01:48:51.298023,IPsum-l4,text,https://raw.githubusercontent.com/stamparm/ipsum/master/levels/4.txt,,text,8618,,
2026-03-19T01:48:51.367024,Alienvault-IP-Reputation,csv,https://reputation.alienvault.com/reputation.generic,,csv,609,,
2026-03-19T01:48:51.575888,abuse.ch,misp,https://threatfox.abuse.ch/downloads/misp/c1a9d589-15a3-404c-9141-54d5e4c49e80.json,c1a9d589-15a3-404c-9141-54d5e4c49e80,json,1277,2,2026-03-19T00:03:07
2026-03-19T01:48:51.603759,abuse.ch-URLhasus,misp,https://urlhaus.abuse.ch/downloads/misp/15264bc6-f860-41ac-9218-04d094b71873.json,15264bc6-f860-41ac-9218-04d094b71873,json,1524,2,2026-03-19T00:15:21
2026-03-19T01:48:53.352136,abuse.ch-SSL,csv,https://sslbl.abuse.ch/blacklist/sslblacklist.csv,,csv,9308,,
2026-03-19T01:48:53.399333,abuse.ch-Bazaar,misp,https://bazaar.abuse.ch/downloads/misp//37c6b17f-c37a-47e3-93b9-115b981584e7.json,37c6b17f-c37a-47e3-93b9-115b981584e7,json,1496,2,2026-03-19T00:03:02
2026-03-19T01:49:01.960777,Phishtank,csv,https://data.phishtank.com/data/online-valid.csv,,csv,56159,,
2026-03-19T01:49:02.624683,CIRCL OSINT Feed,misp,https://www.circl.lu/doc/misp/feed-osint//136a6440-ade6-4da3-aea0-d80e65d7af94.json,136a6440-ade6-4da3-aea0-d80e65d7af94,json,724,2,2026-03-18T19:00:06
2026-03-20T01:43:26.055629,IPsum-l4,text,https://raw.githubusercontent.com/stamparm/ipsum/master/levels/4.txt,,text,8556,,
2026-03-20T01:43:26.124983,IPsum-l5,text,https://raw.githubusercontent.com/stamparm/ipsum/master/levels/5.txt,,text,3965,,
2026-03-20T01:43:26.262067,Alienvault-IP-Reputation,csv,https://reputation.alienvault.com/reputation.generic,,csv,609,,
2026-03-20T01:43:28.072363,abuse.ch-SSL,csv,https://sslbl.abuse.ch/blacklist/sslblacklist.csv,,csv,9324,,
2026-03-20T01:43:28.248048,abuse.ch-URLhasus,misp,https://urlhaus.abuse.ch/downloads/misp/d7cdffee-93a4-44ab-a241-d51f6b66e8b4.json,d7cdffee-93a4-44ab-a241-d51f6b66e8b4,json,1106,2,2026-03-20T00:15:20
2026-03-20T01:43:28.257461,abuse.ch,misp,https://threatfox.abuse.ch/downloads/misp/eed4afe5-5986-418c-a210-b54d09d62f8e.json,eed4afe5-5986-418c-a210-b54d09d62f8e,json,504,2,2026-03-20T00:03:09
2026-03-20T01:43:28.321455,abuse.ch-Bazaar,misp,https://bazaar.abuse.ch/downloads/misp//f46ff7b7-2faa-4e08-84b8-27eece1b5ce9.json,f46ff7b7-2faa-4e08-84b8-27eece1b5ce9,json,1272,2,2026-03-20T00:03:01
2026-03-20T01:43:37.251559,Phishtank,csv,https://data.phishtank.com/data/online-valid.csv,,csv,56351,,
2026-03-20T01:43:38.557390,CIRCL OSINT Feed,misp,https://www.circl.lu/doc/misp/feed-osint//494223a4-ec5f-415c-b59f-bc03ad2e713a.json,494223a4-ec5f-415c-b59f-bc03ad2e713a,json,592,2,2026-03-19T15:00:10
2026-03-21T01:26:28.838350,IPsum-l5,text,https://raw.githubusercontent.com/stamparm/ipsum/master/levels/5.txt,,text,3980,,
2026-03-21T01:26:28.936905,IPsum-l4,text,https://raw.githubusercontent.com/stamparm/ipsum/master/levels/4.txt,,text,8828,,
2026-03-21T01:26:29.024516,abuse.ch-URLhasus,misp,https://urlhaus.abuse.ch/downloads/misp/6e665f22-0a62-4cb5-a236-19911cca21bf.json,6e665f22-0a62-4cb5-a236-19911cca21bf,json,871,2,2026-03-21T00:15:20
2026-03-21T01:26:29.106940,Alienvault-IP-Reputation,csv,https://reputation.alienvault.com/reputation.generic,,csv,609,,
2026-03-21T01:26:30.883869,abuse.ch-SSL,csv,https://sslbl.abuse.ch/blacklist/sslblacklist.csv,,csv,9336,,
2026-03-21T01:26:30.949231,abuse.ch-Bazaar,misp,https://bazaar.abuse.ch/downloads/misp//667fa8f5-85c9-489d-890c-685b1d144859.json,667fa8f5-85c9-489d-890c-685b1d144859,json,1752,2,2026-03-21T00:03:01
2026-03-21T01:26:36.846954,CIRCL OSINT Feed,misp,https://www.circl.lu/doc/misp/feed-osint//150c533e-552d-4e7f-8894-9d9ecf852a72.json,150c533e-552d-4e7f-8894-9d9ecf852a72,json,4710,2,2026-03-20T21:01:51
2026-03-22T01:48:04.040058,IPsum-l5,text,https://raw.githubusercontent.com/stamparm/ipsum/master/levels/5.txt,,text,3781,,
2026-03-22T01:48:04.137687,IPsum-l4,text,https://raw.githubusercontent.com/stamparm/ipsum/master/levels/4.txt,,text,8662,,
2026-03-22T01:48:05.475066,abuse.ch-SSL,csv,https://sslbl.abuse.ch/blacklist/sslblacklist.csv,,csv,9348,,
2026-03-22T01:48:05.567607,Alienvault-IP-Reputation,csv,https://reputation.alienvault.com/reputation.generic,,csv,609,,
2026-03-22T01:48:05.653543,abuse.ch-Bazaar,misp,https://bazaar.abuse.ch/downloads/misp//a6231687-5bf0-4121-8599-5533c14d3306.json,a6231687-5bf0-4121-8599-5533c14d3306,json,1096,2,2026-03-22T00:03:02
2026-03-22T01:48:05.847876,abuse.ch-URLhasus,misp,https://urlhaus.abuse.ch/downloads/misp/3a84e120-ffd2-4a81-81a3-5a75e3a4ae4d.json,3a84e120-ffd2-4a81-81a3-5a75e3a4ae4d,json,764,2,2026-03-22T00:15:20
2026-03-22T01:48:06.408030,CIRCL OSINT Feed,misp,https://www.circl.lu/doc/misp/feed-osint//b8ef1b56-3e16-4f06-9c11-d1e0a7586332.json,b8ef1b56-3e16-4f06-9c11-d1e0a7586332,json,542,2,2026-03-21T18:00:10
2026-03-23T01:49:30.002502,IPsum-l5,text,https://raw.githubusercontent.com/stamparm/ipsum/master/levels/5.txt,,text,4040,,
2026-03-23T01:49:30.083572,IPsum-l4,text,https://raw.githubusercontent.com/stamparm/ipsum/master/levels/4.txt,,text,9274,,
2026-03-23T01:49:30.184815,Alienvault-IP-Reputation,csv,https://reputation.alienvault.com/reputation.generic,,csv,609,,
2026-03-23T01:49:30.247615,abuse.ch-Bazaar,misp,https://bazaar.abuse.ch/downloads/misp//387ab932-db3a-419c-b031-4cf556357dd6.json,387ab932-db3a-419c-b031-4cf556357dd6,json,828,2,2026-03-23T00:03:02
2026-03-23T01:49:32.023152,abuse.ch-SSL,csv,https://sslbl.abuse.ch/blacklist/sslblacklist.csv,,csv,9349,,
2026-03-23T01:49:40.832707,Phishtank,csv,https://data.phishtank.com/data/online-valid.csv,,csv,55813,,
2026-03-23T01:49:43.084221,CIRCL OSINT Feed,misp,https://www.circl.lu/doc/misp/feed-osint//21303d8f-49bc-4516-9fc4-39d829d7c08e.json,21303d8f-49bc-4516-9fc4-39d829d7c08e,json,1448,2,2026-03-22T20:00:04
2026-03-24T01:29:20.118995,IPsum-l4,text,https://raw.githubusercontent.com/stamparm/ipsum/master/levels/4.txt,,text,8716,,
2026-03-24T01:29:20.179987,IPsum-l5,text,https://raw.githubusercontent.com/stamparm/ipsum/master/levels/5.txt,,text,3918,,
2026-03-24T01:29:20.247578,Alienvault-IP-Reputation,csv,https://reputation.alienvault.com/reputation.generic,,csv,609,,
2026-03-24T01:29:20.326737,abuse.ch-URLhasus,misp,https://urlhaus.abuse.ch/downloads/misp/d8b7c803-b327-4af6-b1cd-369455a46284.json,d8b7c803-b327-4af6-b1cd-369455a46284,json,1549,2,2026-03-24T00:15:19
2026-03-24T01:29:22.119396,abuse.ch-SSL,csv,https://sslbl.abuse.ch/blacklist/sslblacklist.csv,,csv,9369,,
2026-03-24T01:29:22.179598,abuse.ch-Bazaar,misp,https://bazaar.abuse.ch/downloads/misp//e7e0386a-b9af-4529-97da-8c3f35a6cf12.json,e7e0386a-b9af-4529-97da-8c3f35a6cf12,json,1616,2,2026-03-24T00:03:02
2026-03-24T01:29:30.873829,Phishtank,csv,https://data.phishtank.com/data/online-valid.csv,,csv,55783,,
2026-03-24T01:29:33.298247,CIRCL OSINT Feed,misp,https://www.circl.lu/doc/misp/feed-osint//d6ee1a04-c309-40b8-a454-852150a1baf9.json,d6ee1a04-c309-40b8-a454-852150a1baf9,json,1128,2,2026-03-23T21:00:15
2026-03-24T05:47:56.493977,Alienvault-IP-Reputation,csv,https://reputation.alienvault.com/reputation.generic,,csv,609,,
2026-03-24T05:47:56.533701,IPsum-l4,text,https://raw.githubusercontent.com/stamparm/ipsum/master/levels/4.txt,,text,8744,,
2026-03-24T05:47:56.594287,IPsum-l5,text,https://raw.githubusercontent.com/stamparm/ipsum/master/levels/5.txt,,text,3826,,
2026-03-24T05:47:58.393741,abuse.ch-SSL,csv,https://sslbl.abuse.ch/blacklist/sslblacklist.csv,,csv,9369,,
2026-03-24T05:48:07.565907,Phishtank,csv,https://data.phishtank.com/data/online-valid.csv,,csv,55761,,
2026-03-24T05:55:41.412651,IPsum-l4,text,https://raw.githubusercontent.com/stamparm/ipsum/master/levels/4.txt,,text,8744,,
2026-03-24T05:55:41.490391,IPsum-l5,text,https://raw.githubusercontent.com/stamparm/ipsum/master/levels/5.txt,,text,3826,,
2026-03-24T05:55:42.530497,mining-pool-block-list,csv,https://raw.githubusercontent.com/vuln000/mining-pool-block-list/refs/heads/main/mining_pools.csv,,csv,5599,,
2026-03-24T05:55:42.584701,Alienvault-IP-Reputation,csv,https://reputation.alienvault.com/reputation.generic,,csv,609,,
2026-03-24T05:55:44.367475,abuse.ch-SSL,csv,https://sslbl.abuse.ch/blacklist/sslblacklist.csv,,csv,9369,,
2026-03-24T05:55:53.418034,Phishtank,csv,https://data.phishtank.com/data/online-valid.csv,,csv,55761,,
2026-03-25T01:47:24.860577,IPsum-l4,text,https://raw.githubusercontent.com/stamparm/ipsum/master/levels/4.txt,,text,8744,,
2026-03-25T01:47:25.989152,mining-pool-block-list,csv,https://raw.githubusercontent.com/vuln000/mining-pool-block-list/refs/heads/main/mining_pools.csv,,csv,5607,,
2026-03-25T01:47:26.008449,IPsum-l5,text,https://raw.githubusercontent.com/stamparm/ipsum/master/levels/5.txt,,text,3826,,
2026-03-25T01:47:26.135715,Alienvault-IP-Reputation,csv,https://reputation.alienvault.com/reputation.generic,,csv,609,,
2026-03-25T01:47:26.208187,abuse.ch-Bazaar,misp,https://bazaar.abuse.ch/downloads/misp//e1795927-e368-47e7-9ceb-151a907cc9ba.json,e1795927-e368-47e7-9ceb-151a907cc9ba,json,1484,2,2026-03-25T00:03:01
2026-03-25T01:47:26.294367,abuse.ch-URLhasus,misp,https://urlhaus.abuse.ch/downloads/misp/ddf050cb-0a41-45a9-adde-24335b868f25.json,ddf050cb-0a41-45a9-adde-24335b868f25,json,1138,2,2026-03-25T00:15:22
2026-03-25T01:47:34.875900,Phishtank,csv,https://data.phishtank.com/data/online-valid.csv,,csv,55781,,
2026-03-25T01:47:36.788007,abuse.ch-SSL,csv,https://sslbl.abuse.ch/blacklist/sslblacklist.csv,,csv,9387,,
2026-03-25T01:47:37.634416,CIRCL OSINT Feed,misp,https://www.circl.lu/doc/misp/feed-osint//d1412427-b81f-4ad5-be0f-bb404d448aeb.json,d1412427-b81f-4ad5-be0f-bb404d448aeb,json,803,2,2026-03-24T16:00:06
2026-03-26T01:53:17.899626,IPsum-l4,text,https://raw.githubusercontent.com/stamparm/ipsum/master/levels/4.txt,,text,8541,,
2026-03-26T01:53:17.918459,IPsum-l5,text,https://raw.githubusercontent.com/stamparm/ipsum/master/levels/5.txt,,text,3718,,
2026-03-26T01:53:17.978582,Alienvault-IP-Reputation,csv,https://reputation.alienvault.com/reputation.generic,,csv,609,,
2026-03-26T01:53:19.078406,mining-pool-block-list,csv,https://raw.githubusercontent.com/vuln000/mining-pool-block-list/refs/heads/main/mining_pools.csv,,csv,5622,,
2026-03-26T01:53:19.145487,abuse.ch-Bazaar,misp,https://bazaar.abuse.ch/downloads/misp//91c57393-9340-41e4-aa7e-98a2621bd2c3.json,91c57393-9340-41e4-aa7e-98a2621bd2c3,json,1720,2,2026-03-26T00:03:01
2026-03-26T01:53:20.912843,abuse.ch-SSL,csv,https://sslbl.abuse.ch/blacklist/sslblacklist.csv,,csv,9394,,
2026-03-26T01:53:20.937892,abuse.ch-URLhasus,misp,https://urlhaus.abuse.ch/downloads/misp/e15ed4a4-05aa-4eb1-9727-9164371a15bf.json,e15ed4a4-05aa-4eb1-9727-9164371a15bf,json,876,2,2026-03-26T00:15:27
2026-03-26T01:53:30.304099,Phishtank,csv,https://data.phishtank.com/data/online-valid.csv,,csv,56092,,
2026-03-26T01:53:31.311233,CIRCL OSINT Feed,misp,https://www.circl.lu/doc/misp/feed-osint//c3a6a834-b558-4d12-85a5-eacbdb26d643.json,c3a6a834-b558-4d12-85a5-eacbdb26d643,json,960,2,2026-03-25T20:00:06
2026-03-27T01:53:19.187842,IPsum-l5,text,https://raw.githubusercontent.com/stamparm/ipsum/master/levels/5.txt,,text,4723,,
2026-03-27T01:53:21.012452,abuse.ch-SSL,csv,https://sslbl.abuse.ch/blacklist/sslblacklist.csv,,csv,9402,,
2026-03-27T01:53:21.061736,IPsum-l4,text,https://raw.githubusercontent.com/stamparm/ipsum/master/levels/4.txt,,text,9967,,
2026-03-27T01:53:22.095592,mining-pool-block-list,csv,https://raw.githubusercontent.com/vuln000/mining-pool-block-list/refs/heads/main/mining_pools.csv,,csv,5628,,
2026-03-27T01:53:22.157479,Alienvault-IP-Reputation,csv,https://reputation.alienvault.com/reputation.generic,,csv,609,,
2026-03-27T01:53:22.300473,abuse.ch-Bazaar,misp,https://bazaar.abuse.ch/downloads/misp//a1484281-0e89-4447-930d-0a677465d756.json,a1484281-0e89-4447-930d-0a677465d756,json,1704,2,2026-03-27T00:03:02
2026-03-27T01:53:31.131380,Phishtank,csv,https://data.phishtank.com/data/online-valid.csv,,csv,56072,,
2026-03-27T01:53:31.295401,abuse.ch,misp,https://threatfox.abuse.ch/downloads/misp/b5f3b77d-da0c-46b2-a086-10289e6d87e5.json,b5f3b77d-da0c-46b2-a086-10289e6d87e5,json,525,2,2026-03-27T00:03:06
2026-03-27T01:53:31.338617,abuse.ch-URLhasus,misp,https://urlhaus.abuse.ch/downloads/misp/97715c53-d118-43a5-933f-7d7284a3ee8f.json,97715c53-d118-43a5-933f-7d7284a3ee8f,json,1047,2,2026-03-27T00:15:18
2026-03-27T01:53:33.390821,CIRCL OSINT Feed,misp,https://www.circl.lu/doc/misp/feed-osint//6fdcdd1d-9fcd-4a3a-996f-ffa09c16065a.json,6fdcdd1d-9fcd-4a3a-996f-ffa09c16065a,json,1429,2,2026-03-26T21:00:17
2026-03-29T01:57:11.755390,IPsum-l5,text,https://raw.githubusercontent.com/stamparm/ipsum/master/levels/5.txt,,text,3516,,
2026-03-29T01:57:11.786943,IPsum-l4,text,https://raw.githubusercontent.com/stamparm/ipsum/master/levels/4.txt,,text,7983,,
2026-03-29T01:57:11.886198,Alienvault-IP-Reputation,csv,https://reputation.alienvault.com/reputation.generic,,csv,609,,
2026-03-29T01:57:13.324983,abuse.ch-SSL,csv,https://sslbl.abuse.ch/blacklist/sslblacklist.csv,,csv,9419,,
2026-03-29T01:57:14.188010,mining-pool-block-list,csv,https://raw.githubusercontent.com/vuln000/mining-pool-block-list/refs/heads/main/mining_pools.csv,,csv,5636,,
2026-03-29T01:57:14.358258,abuse.ch,misp,https://threatfox.abuse.ch/downloads/misp/9ad9d41c-099d-4116-9502-69af5241ad97.json,9ad9d41c-099d-4116-9502-69af5241ad97,json,386,2,2026-03-29T00:03:06
2026-03-29T01:57:14.377356,abuse.ch-Bazaar,misp,https://bazaar.abuse.ch/downloads/misp//13fe258b-20e3-4fe4-9d10-bdb0e6ed9973.json,13fe258b-20e3-4fe4-9d10-bdb0e6ed9973,json,840,2,2026-03-29T00:03:01
2026-03-29T01:57:14.419172,abuse.ch-Bazaar,misp,https://bazaar.abuse.ch/downloads/misp//670546aa-75a1-43bd-9621-85c2ee1b2ef0.json,670546aa-75a1-43bd-9621-85c2ee1b2ef0,json,1492,2,2026-03-28T00:03:01
2026-03-29T01:57:21.116336,Phishtank,csv,https://data.phishtank.com/data/online-valid.csv,,csv,55849,,
2026-03-29T01:57:22.664487,CIRCL OSINT Feed,misp,https://www.circl.lu/doc/misp/feed-osint//bbd0d66e-6b80-4b31-8708-a8826ce91d07.json,bbd0d66e-6b80-4b31-8708-a8826ce91d07,json,969,2,2026-03-27T23:00:03
2026-03-29T01:57:23.819348,CIRCL OSINT Feed,misp,https://www.circl.lu/doc/misp/feed-osint//ee03b6e0-c469-44df-8426-42e513ab682d.json,ee03b6e0-c469-44df-8426-42e513ab682d,json,1837,2,2026-03-28T23:00:07
2026-03-30T01:58:45.498537,abuse.ch-Bazaar,misp,https://bazaar.abuse.ch/downloads/misp//88f44758-cb5d-410a-93c8-8ef321ad1e02.json,88f44758-cb5d-410a-93c8-8ef321ad1e02,json,576,2,2026-03-30T00:03:02
2026-03-30T01:58:47.374504,abuse.ch-SSL,csv,https://sslbl.abuse.ch/blacklist/sslblacklist.csv,,csv,9419,,
2026-03-30T01:58:47.424240,Alienvault-IP-Reputation,csv,https://reputation.alienvault.com/reputation.generic,,csv,609,,
2026-03-30T01:58:47.438294,IPsum-l5,text,https://raw.githubusercontent.com/stamparm/ipsum/master/levels/5.txt,,text,3543,,
2026-03-30T01:58:47.465988,IPsum-l4,text,https://raw.githubusercontent.com/stamparm/ipsum/master/levels/4.txt,,text,7704,,
2026-03-30T01:58:48.568076,mining-pool-block-list,csv,https://raw.githubusercontent.com/vuln000/mining-pool-block-list/refs/heads/main/mining_pools.csv,,csv,5643,,
2026-03-30T01:58:48.768465,abuse.ch-URLhasus,misp,https://urlhaus.abuse.ch/downloads/misp/6e17aeff-e1d5-4a11-bb15-f37dbd6c2c29.json,6e17aeff-e1d5-4a11-bb15-f37dbd6c2c29,json,895,2,2026-03-30T00:15:24
2026-03-30T01:58:57.513889,Phishtank,csv,https://data.phishtank.com/data/online-valid.csv,,csv,55778,,
2026-03-30T01:58:57.544234,abuse.ch,misp,https://threatfox.abuse.ch/downloads/misp/d1731cc2-341c-4351-b975-f358887bfc81.json,d1731cc2-341c-4351-b975-f358887bfc81,json,637,2,2026-03-30T00:03:07
2026-03-30T01:58:59.156042,CIRCL OSINT Feed,misp,https://www.circl.lu/doc/misp/feed-osint//dbd5afe9-55bd-43da-8721-56c54d89b351.json,dbd5afe9-55bd-43da-8721-56c54d89b351,json,615,2,2026-03-29T19:00:04
2026-03-31T01:54:30.720719,IPsum-l5,text,https://raw.githubusercontent.com/stamparm/ipsum/master/levels/5.txt,,text,4346,,
2026-03-31T01:54:30.802676,IPsum-l4,text,https://raw.githubusercontent.com/stamparm/ipsum/master/levels/4.txt,,text,9764,,
2026-03-31T01:54:31.877973,mining-pool-block-list,csv,https://raw.githubusercontent.com/vuln000/mining-pool-block-list/refs/heads/main/mining_pools.csv,,csv,5646,,
2026-03-31T01:54:31.952454,Alienvault-IP-Reputation,csv,https://reputation.alienvault.com/reputation.generic,,csv,609,,
2026-03-31T01:54:32.017933,abuse.ch-Bazaar,misp,https://bazaar.abuse.ch/downloads/misp//cdefd227-7e80-4262-be9d-9c57d70485ff.json,cdefd227-7e80-4262-be9d-9c57d70485ff,json,1156,2,2026-03-31T00:03:01
2026-03-31T01:54:32.040759,abuse.ch-URLhasus,misp,https://urlhaus.abuse.ch/downloads/misp/b45a69f3-8fdb-4dff-a9b1-3ecb50f64a16.json,b45a69f3-8fdb-4dff-a9b1-3ecb50f64a16,json,898,2,2026-03-31T00:15:22
2026-03-31T01:54:34.319428,abuse.ch-SSL,csv,https://sslbl.abuse.ch/blacklist/sslblacklist.csv,,csv,9438,,
2026-03-31T01:54:34.332370,abuse.ch,misp,https://threatfox.abuse.ch/downloads/misp/dc7f1f50-9914-462e-989b-b2b964e47cc9.json,dc7f1f50-9914-462e-989b-b2b964e47cc9,json,518,2,2026-03-31T00:03:07
2026-04-01T02:03:06.779335,IPsum-l5,text,https://raw.githubusercontent.com/stamparm/ipsum/master/levels/5.txt,,text,4401,,
2026-04-01T02:03:06.867355,IPsum-l4,text,https://raw.githubusercontent.com/stamparm/ipsum/master/levels/4.txt,,text,9568,,
2026-04-01T02:03:07.765545,mining-pool-block-list,csv,https://raw.githubusercontent.com/vuln000/mining-pool-block-list/refs/heads/main/mining_pools.csv,,csv,5640,,
2026-04-01T02:03:07.784713,abuse.ch,misp,https://threatfox.abuse.ch/downloads/misp/02bf2f01-206e-4f64-aa0d-4cebc547d4c5.json,02bf2f01-206e-4f64-aa0d-4cebc547d4c5,json,524,2,2026-04-01T00:03:07
2026-04-01T02:03:09.174503,abuse.ch-SSL,csv,https://sslbl.abuse.ch/blacklist/sslblacklist.csv,,csv,9443,,
2026-04-01T02:03:09.199728,abuse.ch-URLhasus,misp,https://urlhaus.abuse.ch/downloads/misp/bbaf0fd7-8847-459e-8840-d7a6f26f5c94.json,bbaf0fd7-8847-459e-8840-d7a6f26f5c94,json,1133,2,2026-04-01T00:15:25
2026-04-01T02:03:09.291807,abuse.ch-Bazaar,misp,https://bazaar.abuse.ch/downloads/misp//9daa9b72-e8ce-4fcb-8af7-c368c2010cbe.json,9daa9b72-e8ce-4fcb-8af7-c368c2010cbe,json,1688,2,2026-04-01T00:03:01
2026-04-01T02:03:09.378291,Alienvault-IP-Reputation,csv,https://reputation.alienvault.com/reputation.generic,,csv,609,,
2026-04-01T02:03:16.068716,Phishtank,csv,https://data.phishtank.com/data/online-valid.csv,,csv,55971,,
2026-04-02T01:51:14.755469,IPsum-l5,text,https://raw.githubusercontent.com/stamparm/ipsum/master/levels/5.txt,,text,4401,,
2026-04-02T01:51:14.945326,IPsum-l4,text,https://raw.githubusercontent.com/stamparm/ipsum/master/levels/4.txt,,text,9568,,
2026-04-02T01:51:14.988521,Alienvault-IP-Reputation,csv,https://reputation.alienvault.com/reputation.generic,,csv,609,,
2026-04-02T01:51:16.027216,mining-pool-block-list,csv,https://raw.githubusercontent.com/vuln000/mining-pool-block-list/refs/heads/main/mining_pools.csv,,csv,5645,,
2026-04-02T01:51:17.900803,abuse.ch-SSL,csv,https://sslbl.abuse.ch/blacklist/sslblacklist.csv,,csv,9460,,
2026-04-02T01:51:17.911918,abuse.ch,misp,https://threatfox.abuse.ch/downloads/misp/efc5811f-b6c7-4139-baa5-188bef2805ba.json,efc5811f-b6c7-4139-baa5-188bef2805ba,json,401,2,2026-04-02T00:03:07
2026-04-02T01:51:17.934406,abuse.ch-URLhasus,misp,https://urlhaus.abuse.ch/downloads/misp/6ca744dd-a23c-47b9-b464-a3371f0405fb.json,6ca744dd-a23c-47b9-b464-a3371f0405fb,json,1025,2,2026-04-02T00:15:23
2026-04-02T01:51:27.589996,Phishtank,csv,https://data.phishtank.com/data/online-valid.csv,,csv,55775,,
2026-04-02T01:51:35.330781,abuse.ch-Bazaar,misp,https://bazaar.abuse.ch/downloads/misp//3ebd57d1-6fd8-42e8-9c73-b6f8a6089bd7.json,3ebd57d1-6fd8-42e8-9c73-b6f8a6089bd7,json,2032,2,2026-04-02T00:03:01
2026-04-03T01:52:27.071584,IPsum-l5,text,https://raw.githubusercontent.com/stamparm/ipsum/master/levels/5.txt,,text,3796,,
2026-04-03T01:52:27.172649,IPsum-l4,text,https://raw.githubusercontent.com/stamparm/ipsum/master/levels/4.txt,,text,8420,,
2026-04-03T01:52:28.239715,mining-pool-block-list,csv,https://raw.githubusercontent.com/vuln000/mining-pool-block-list/refs/heads/main/mining_pools.csv,,csv,5661,,
2026-04-03T01:52:28.295079,Alienvault-IP-Reputation,csv,https://reputation.alienvault.com/reputation.generic,,csv,609,,
2026-04-03T01:52:28.497809,abuse.ch-URLhasus,misp,https://urlhaus.abuse.ch/downloads/misp/84dbcff9-a572-40aa-bd65-d5f056622a7e.json,84dbcff9-a572-40aa-bd65-d5f056622a7e,json,665,2,2026-04-03T00:15:22
2026-04-03T01:52:30.381046,abuse.ch-SSL,csv,https://sslbl.abuse.ch/blacklist/sslblacklist.csv,,csv,9460,,
2026-04-03T01:52:39.309879,Phishtank,csv,https://data.phishtank.com/data/online-valid.csv,,csv,55900,,
2026-04-03T01:52:39.338728,abuse.ch,misp,https://threatfox.abuse.ch/downloads/misp/e4a7eb91-9429-4038-8197-0187cabc3a01.json,e4a7eb91-9429-4038-8197-0187cabc3a01,json,334,2,2026-04-03T00:03:09
2026-04-03T01:52:39.361340,abuse.ch-Bazaar,misp,https://bazaar.abuse.ch/downloads/misp//505ad2f0-296f-4bb4-a12a-73a3f7f8f3f6.json,505ad2f0-296f-4bb4-a12a-73a3f7f8f3f6,json,1028,2,2026-04-03T00:03:01
2026-04-03T01:52:40.617266,CIRCL OSINT Feed,misp,https://www.circl.lu/doc/misp/feed-osint//0751fd85-ecbb-4204-8d19-2b662950290c.json,0751fd85-ecbb-4204-8d19-2b662950290c,json,189,2,2026-04-02T18:00:49
2026-04-04T01:45:55.815512,IPsum-l5,text,https://raw.githubusercontent.com/stamparm/ipsum/master/levels/5.txt,,text,3693,,
2026-04-04T01:45:55.912079,IPsum-l4,text,https://raw.githubusercontent.com/stamparm/ipsum/master/levels/4.txt,,text,8217,,
2026-04-04T01:45:56.999478,mining-pool-block-list,csv,https://raw.githubusercontent.com/vuln000/mining-pool-block-list/refs/heads/main/mining_pools.csv,,csv,5660,,
2026-04-04T01:45:57.081890,Alienvault-IP-Reputation,csv,https://reputation.alienvault.com/reputation.generic,,csv,609,,
2026-04-04T01:45:57.125284,abuse.ch-URLhasus,misp,https://urlhaus.abuse.ch/downloads/misp/162ff418-772a-4e50-8967-348d26ce4bfc.json,162ff418-772a-4e50-8967-348d26ce4bfc,json,404,2,2026-04-04T00:15:24
2026-04-04T01:45:57.151103,abuse.ch-Bazaar,misp,https://bazaar.abuse.ch/downloads/misp//cb93730f-8416-4a6a-92fe-40dc836253ae.json,cb93730f-8416-4a6a-92fe-40dc836253ae,json,828,2,2026-04-04T00:03:02
2026-04-04T01:45:58.954590,abuse.ch-SSL,csv,https://sslbl.abuse.ch/blacklist/sslblacklist.csv,,csv,9460,,
2026-04-04T01:45:59.065366,abuse.ch,misp,https://threatfox.abuse.ch/downloads/misp/87a06885-5e1d-4448-b430-1e9898e81e96.json,87a06885-5e1d-4448-b430-1e9898e81e96,json,197,2,2026-04-04T00:03:08
2026-04-04T01:46:07.708017,Phishtank,csv,https://data.phishtank.com/data/online-valid.csv,,csv,55881,,
2026-04-04T01:46:08.672878,CIRCL OSINT Feed,misp,https://www.circl.lu/doc/misp/feed-osint//7c9cc102-0241-4810-91fc-34953d8be409.json,7c9cc102-0241-4810-91fc-34953d8be409,json,16,2,2026-04-03T15:00:09
2026-04-05T01:58:24.157470,IPsum-l5,text,https://raw.githubusercontent.com/stamparm/ipsum/master/levels/5.txt,,text,3809,,
2026-04-05T01:58:24.257923,IPsum-l4,text,https://raw.githubusercontent.com/stamparm/ipsum/master/levels/4.txt,,text,8453,,
2026-04-05T01:58:25.378862,mining-pool-block-list,csv,https://raw.githubusercontent.com/vuln000/mining-pool-block-list/refs/heads/main/mining_pools.csv,,csv,5660,,
2026-04-05T01:58:25.503794,Alienvault-IP-Reputation,csv,https://reputation.alienvault.com/reputation.generic,,csv,609,,
2026-04-05T01:58:27.385291,abuse.ch-SSL,csv,https://sslbl.abuse.ch/blacklist/sslblacklist.csv,,csv,9462,,
2026-04-05T01:58:27.580995,abuse.ch-Bazaar,misp,https://bazaar.abuse.ch/downloads/misp//c626f543-adfc-4197-a13b-67ea80cd3031.json,c626f543-adfc-4197-a13b-67ea80cd3031,json,920,2,2026-04-05T00:03:01
2026-04-05T01:58:27.598014,abuse.ch-URLhasus,misp,https://urlhaus.abuse.ch/downloads/misp/2e0b381f-9dc2-4e7f-9414-9917e661b077.json,2e0b381f-9dc2-4e7f-9414-9917e661b077,json,600,2,2026-04-05T00:15:23
2026-04-05T01:58:27.603617,abuse.ch,misp,https://threatfox.abuse.ch/downloads/misp/0deb2870-5a79-45e8-8013-67eeaf4394cd.json,0deb2870-5a79-45e8-8013-67eeaf4394cd,json,441,2,2026-04-05T00:03:07
2026-04-05T01:58:36.777663,Phishtank,csv,https://data.phishtank.com/data/online-valid.csv,,csv,55810,,
2026-04-05T01:58:40.207920,CIRCL OSINT Feed,misp,https://www.circl.lu/doc/misp/feed-osint//d7cd0f75-3f3e-4c1e-8ee6-bdaf92aeffba.json,d7cd0f75-3f3e-4c1e-8ee6-bdaf92aeffba,json,1519,2,2026-04-04T17:00:05
2026-04-06T01:59:27.488179,abuse.ch-SSL,csv,https://sslbl.abuse.ch/blacklist/sslblacklist.csv,,csv,9462,,
2026-04-06T01:59:27.513570,IPsum-l5,text,https://raw.githubusercontent.com/stamparm/ipsum/master/levels/5.txt,,text,3830,,
2026-04-06T01:59:28.319631,mining-pool-block-list,csv,https://raw.githubusercontent.com/vuln000/mining-pool-block-list/refs/heads/main/mining_pools.csv,,csv,5661,,
2026-04-06T01:59:28.368904,IPsum-l4,text,https://raw.githubusercontent.com/stamparm/ipsum/master/levels/4.txt,,text,8417,,
2026-04-06T01:59:28.466331,Alienvault-IP-Reputation,csv,https://reputation.alienvault.com/reputation.generic,,csv,609,,
2026-04-06T01:59:28.950247,abuse.ch,misp,https://threatfox.abuse.ch/downloads/misp/b996c45a-44f0-44de-8d3a-f152875082d4.json,b996c45a-44f0-44de-8d3a-f152875082d4,json,140,2,2026-04-06T00:03:07
2026-04-06T01:59:29.123028,abuse.ch-Bazaar,misp,https://bazaar.abuse.ch/downloads/misp//901d2422-a0a5-4864-b799-26fbe8a42141.json,901d2422-a0a5-4864-b799-26fbe8a42141,json,1864,2,2026-04-06T00:03:02
2026-04-06T01:59:29.248307,abuse.ch-URLhasus,misp,https://urlhaus.abuse.ch/downloads/misp/6b2df14e-2072-4ab1-be36-4939519cb5d2.json,6b2df14e-2072-4ab1-be36-4939519cb5d2,json,2036,2,2026-04-06T00:15:21
2026-04-06T01:59:32.275301,CIRCL OSINT Feed,misp,https://www.circl.lu/doc/misp/feed-osint//4fe01c50-d249-4c4e-a5c7-624aaa0c173b.json,4fe01c50-d249-4c4e-a5c7-624aaa0c173b,json,1180,2,2026-04-05T20:00:03
2026-04-07T01:55:39.095549,IPsum-l5,text,https://raw.githubusercontent.com/stamparm/ipsum/master/levels/5.txt,,text,3879,,
2026-04-07T01:55:39.172763,IPsum-l4,text,https://raw.githubusercontent.com/stamparm/ipsum/master/levels/4.txt,,text,8713,,
2026-04-07T01:55:40.218931,mining-pool-block-list,csv,https://raw.githubusercontent.com/vuln000/mining-pool-block-list/refs/heads/main/mining_pools.csv,,csv,5662,,
2026-04-07T01:55:40.303278,Alienvault-IP-Reputation,csv,https://reputation.alienvault.com/reputation.generic,,csv,609,,
2026-04-07T01:55:40.464537,abuse.ch-Bazaar,misp,https://bazaar.abuse.ch/downloads/misp//07e06ba1-f41b-4bd0-8e34-61092d888470.json,07e06ba1-f41b-4bd0-8e34-61092d888470,json,1488,2,2026-04-07T00:03:01
2026-04-07T01:55:40.514358,abuse.ch-URLhasus,misp,https://urlhaus.abuse.ch/downloads/misp/dcf2900b-2ec9-4cbd-9b5b-daf91a1c1e4b.json,dcf2900b-2ec9-4cbd-9b5b-daf91a1c1e4b,json,907,2,2026-04-07T00:15:27
2026-04-07T01:55:42.638711,abuse.ch-SSL,csv,https://sslbl.abuse.ch/blacklist/sslblacklist.csv,,csv,9498,,
2026-04-07T01:55:42.654715,abuse.ch,misp,https://threatfox.abuse.ch/downloads/misp/d3cb8b3d-a27b-493d-aa37-00bb428b38c6.json,d3cb8b3d-a27b-493d-aa37-00bb428b38c6,json,583,2,2026-04-07T00:03:07
2026-04-07T01:55:51.411212,Phishtank,csv,https://data.phishtank.com/data/online-valid.csv,,csv,56070,,
2026-04-08T01:56:22.151624,IPsum-l5,text,https://raw.githubusercontent.com/stamparm/ipsum/master/levels/5.txt,,text,3933,,
2026-04-08T01:56:22.233746,IPsum-l4,text,https://raw.githubusercontent.com/stamparm/ipsum/master/levels/4.txt,,text,9003,,
2026-04-08T01:56:23.298453,mining-pool-block-list,csv,https://raw.githubusercontent.com/vuln000/mining-pool-block-list/refs/heads/main/mining_pools.csv,,csv,5662,,
2026-04-08T01:56:25.138273,abuse.ch-SSL,csv,https://sslbl.abuse.ch/blacklist/sslblacklist.csv,,csv,9498,,
2026-04-08T01:56:25.200115,abuse.ch-Bazaar,misp,https://bazaar.abuse.ch/downloads/misp//2cfbf277-f5d5-4daa-aeaa-c2ca3a78645a.json,2cfbf277-f5d5-4daa-aeaa-c2ca3a78645a,json,1700,2,2026-04-08T00:03:01
2026-04-08T01:56:25.238493,Alienvault-IP-Reputation,csv,https://reputation.alienvault.com/reputation.generic,,csv,609,,
2026-04-08T01:56:25.276449,abuse.ch-URLhasus,misp,https://urlhaus.abuse.ch/downloads/misp/11f1b7a3-f344-422b-96e4-0efe570f3f26.json,11f1b7a3-f344-422b-96e4-0efe570f3f26,json,943,2,2026-04-08T00:15:25
2026-04-08T01:56:25.340327,abuse.ch,misp,https://threatfox.abuse.ch/downloads/misp/ec7bf32e-de96-494f-8b18-b57aac2293be.json,ec7bf32e-de96-494f-8b18-b57aac2293be,json,479,2,2026-04-08T00:03:06
2026-04-08T01:56:34.421309,Phishtank,csv,https://data.phishtank.com/data/online-valid.csv,,csv,56198,,
2026-04-08T01:56:35.031688,CIRCL OSINT Feed,misp,https://www.circl.lu/doc/misp/feed-osint//e4635f7f-a3e2-4b68-932b-44411b27ae88.json,e4635f7f-a3e2-4b68-932b-44411b27ae88,json,888,2,2026-04-07T16:00:31
2026-04-09T01:48:14.913075,IPsum-l5,text,https://raw.githubusercontent.com/stamparm/ipsum/master/levels/5.txt,,text,3293,,
2026-04-09T01:48:14.945464,IPsum-l4,text,https://raw.githubusercontent.com/stamparm/ipsum/master/levels/4.txt,,text,7607,,
2026-04-09T01:48:16.077391,mining-pool-block-list,csv,https://raw.githubusercontent.com/vuln000/mining-pool-block-list/refs/heads/main/mining_pools.csv,,csv,5662,,
2026-04-09T01:48:16.188634,Alienvault-IP-Reputation,csv,https://reputation.alienvault.com/reputation.generic,,csv,609,,
2026-04-09T01:48:18.013799,abuse.ch-SSL,csv,https://sslbl.abuse.ch/blacklist/sslblacklist.csv,,csv,9517,,
2026-04-09T01:48:18.050325,abuse.ch-URLhasus,misp,https://urlhaus.abuse.ch/downloads/misp/68b186a5-211f-4c70-8eeb-b0044a546fd6.json,68b186a5-211f-4c70-8eeb-b0044a546fd6,json,894,2,2026-04-09T00:15:25
2026-04-09T01:48:18.179302,abuse.ch,misp,https://threatfox.abuse.ch/downloads/misp/78c39a73-1159-47a5-967c-13c111bdf09b.json,78c39a73-1159-47a5-967c-13c111bdf09b,json,577,2,2026-04-09T00:03:06
2026-04-09T01:48:18.205513,abuse.ch-Bazaar,misp,https://bazaar.abuse.ch/downloads/misp//229788bb-1ebf-4284-99be-5031f1169ff5.json,229788bb-1ebf-4284-99be-5031f1169ff5,json,1200,2,2026-04-09T00:03:02
2026-04-09T01:48:27.097984,Phishtank,csv,https://data.phishtank.com/data/online-valid.csv,,csv,56493,,
2026-04-10T02:00:40.452293,IPsum-l5,text,https://raw.githubusercontent.com/stamparm/ipsum/master/levels/5.txt,,text,2501,,
2026-04-10T02:00:40.505124,IPsum-l4,text,https://raw.githubusercontent.com/stamparm/ipsum/master/levels/4.txt,,text,7376,,
2026-04-10T02:00:41.656959,mining-pool-block-list,csv,https://raw.githubusercontent.com/vuln000/mining-pool-block-list/refs/heads/main/mining_pools.csv,,csv,5660,,
2026-04-10T02:00:43.516086,abuse.ch-SSL,csv,https://sslbl.abuse.ch/blacklist/sslblacklist.csv,,csv,9530,,
2026-04-10T02:00:43.530424,abuse.ch,misp,https://threatfox.abuse.ch/downloads/misp/b8f37843-fe40-4d85-be3c-f4d014b842c7.json,b8f37843-fe40-4d85-be3c-f4d014b842c7,json,492,2,2026-04-10T00:03:08
2026-04-10T02:00:43.546658,abuse.ch-URLhasus,misp,https://urlhaus.abuse.ch/downloads/misp/e3543432-0935-4d13-bb3f-c5e66e8633b5.json,e3543432-0935-4d13-bb3f-c5e66e8633b5,json,868,2,2026-04-10T00:15:27
2026-04-10T02:00:43.579753,abuse.ch-Bazaar,misp,https://bazaar.abuse.ch/downloads/misp//62ea37c7-0be4-47fd-9242-2de79bf9ff1e.json,62ea37c7-0be4-47fd-9242-2de79bf9ff1e,json,1292,2,2026-04-10T00:03:02
2026-04-10T02:00:43.619215,Alienvault-IP-Reputation,csv,https://reputation.alienvault.com/reputation.generic,,csv,609,,
2026-04-10T02:00:52.683594,Phishtank,csv,https://data.phishtank.com/data/online-valid.csv,,csv,56651,,
2026-04-10T02:00:55.740740,CIRCL OSINT Feed,misp,https://www.circl.lu/doc/misp/feed-osint//71dd1c3a-650d-4941-a6c8-3de925ff4b0a.json,71dd1c3a-650d-4941-a6c8-3de925ff4b0a,json,742,2,2026-04-09T15:00:18
2026-04-10T02:00:57.013921,CIRCL OSINT Feed,misp,https://www.circl.lu/doc/misp/feed-osint//ccb400fb-86cb-4215-99cc-61d36a20e224.json,ccb400fb-86cb-4215-99cc-61d36a20e224,json,1580,2,2026-04-08T21:01:05
2026-04-11T01:50:10.287954,IPsum-l4,text,https://raw.githubusercontent.com/stamparm/ipsum/master/levels/4.txt,,text,7475,,
2026-04-11T01:50:11.482354,mining-pool-block-list,csv,https://raw.githubusercontent.com/vuln000/mining-pool-block-list/refs/heads/main/mining_pools.csv,,csv,5660,,
2026-04-11T01:50:11.517325,IPsum-l5,text,https://raw.githubusercontent.com/stamparm/ipsum/master/levels/5.txt,,text,1872,,
2026-04-11T01:50:11.639144,Alienvault-IP-Reputation,csv,https://reputation.alienvault.com/reputation.generic,,csv,609,,
2026-04-11T01:50:13.606979,abuse.ch-SSL,csv,https://sslbl.abuse.ch/blacklist/sslblacklist.csv,,csv,9530,,
2026-04-11T01:50:13.620925,abuse.ch,misp,https://threatfox.abuse.ch/downloads/misp/d0488944-e946-4e72-b7ba-40746fed6296.json,d0488944-e946-4e72-b7ba-40746fed6296,json,359,2,2026-04-11T00:03:07
2026-04-11T01:50:13.637281,abuse.ch-URLhasus,misp,https://urlhaus.abuse.ch/downloads/misp/5adc09f9-572e-408d-accf-8983e89fa769.json,5adc09f9-572e-408d-accf-8983e89fa769,json,807,2,2026-04-11T00:15:24
2026-04-11T01:50:13.656079,abuse.ch-Bazaar,misp,https://bazaar.abuse.ch/downloads/misp//a30a551a-bf05-4b45-bd07-5f006cde0a33.json,a30a551a-bf05-4b45-bd07-5f006cde0a33,json,804,2,2026-04-11T00:03:01
2026-04-11T01:50:22.684093,Phishtank,csv,https://data.phishtank.com/data/online-valid.csv,,csv,56787,,
2026-04-11T01:50:24.539026,CIRCL OSINT Feed,misp,https://www.circl.lu/doc/misp/feed-osint//b544b646-11bb-49fc-9b5e-7b9afb8c276f.json,b544b646-11bb-49fc-9b5e-7b9afb8c276f,json,54,2,2026-04-10T15:00:06
2026-04-12T02:02:38.281422,IPsum-l5,text,https://raw.githubusercontent.com/stamparm/ipsum/master/levels/5.txt,,text,1548,,
2026-04-12T02:02:38.309576,IPsum-l4,text,https://raw.githubusercontent.com/stamparm/ipsum/master/levels/4.txt,,text,6287,,
2026-04-12T02:02:39.461797,mining-pool-block-list,csv,https://raw.githubusercontent.com/vuln000/mining-pool-block-list/refs/heads/main/mining_pools.csv,,csv,5658,,
2026-04-12T02:02:41.318698,abuse.ch-SSL,csv,https://sslbl.abuse.ch/blacklist/sslblacklist.csv,,csv,9536,,
2026-04-12T02:02:41.336400,abuse.ch,misp,https://threatfox.abuse.ch/downloads/misp/376e422a-b8bd-45af-bcdb-181cd7e72fe6.json,376e422a-b8bd-45af-bcdb-181cd7e72fe6,json,503,2,2026-04-12T00:03:06
2026-04-12T02:02:41.359823,abuse.ch-URLhasus,misp,https://urlhaus.abuse.ch/downloads/misp/5b760faf-7482-48bb-a8e4-67fcee5dcaa0.json,5b760faf-7482-48bb-a8e4-67fcee5dcaa0,json,939,2,2026-04-12T00:15:23
2026-04-12T02:02:41.384513,abuse.ch-Bazaar,misp,https://bazaar.abuse.ch/downloads/misp//66b99bad-623e-4db3-a7f7-e7a7ad82d650.json,66b99bad-623e-4db3-a7f7-e7a7ad82d650,json,1340,2,2026-04-12T00:03:02
2026-04-12T02:02:41.427175,Alienvault-IP-Reputation,csv,https://reputation.alienvault.com/reputation.generic,,csv,609,,
2026-04-12T02:02:50.321217,Phishtank,csv,https://data.phishtank.com/data/online-valid.csv,,csv,56629,,
2026-04-13T02:07:19.981107,IPsum-l4,text,https://raw.githubusercontent.com/stamparm/ipsum/master/levels/4.txt,,text,6395,,
2026-04-13T02:07:19.989228,IPsum-l5,text,https://raw.githubusercontent.com/stamparm/ipsum/master/levels/5.txt,,text,1556,,
2026-04-13T02:07:21.153251,mining-pool-block-list,csv,https://raw.githubusercontent.com/vuln000/mining-pool-block-list/refs/heads/main/mining_pools.csv,,csv,5657,,
2026-04-13T02:07:21.237843,Alienvault-IP-Reputation,csv,https://reputation.alienvault.com/reputation.generic,,csv,609,,
2026-04-13T02:07:23.112702,abuse.ch-SSL,csv,https://sslbl.abuse.ch/blacklist/sslblacklist.csv,,csv,9560,,
2026-04-13T02:07:23.130198,abuse.ch,misp,https://threatfox.abuse.ch/downloads/misp/82109987-4b63-43ab-b7bc-7ec4419f99d3.json,82109987-4b63-43ab-b7bc-7ec4419f99d3,json,449,2,2026-04-13T00:03:08
2026-04-13T02:07:23.163456,abuse.ch-URLhasus,misp,https://urlhaus.abuse.ch/downloads/misp/57ccdff1-a6b9-4bd1-ae5c-64f7cf7973b2.json,57ccdff1-a6b9-4bd1-ae5c-64f7cf7973b2,json,1116,2,2026-04-13T00:15:23
2026-04-13T02:07:23.188058,abuse.ch-Bazaar,misp,https://bazaar.abuse.ch/downloads/misp//ed01c07c-436b-4961-9995-84266f5e0440.json,ed01c07c-436b-4961-9995-84266f5e0440,json,1144,2,2026-04-13T00:03:02
2026-04-13T02:07:32.282865,Phishtank,csv,https://data.phishtank.com/data/online-valid.csv,,csv,56567,,
2026-04-13T02:07:33.939191,CIRCL OSINT Feed,misp,https://www.circl.lu/doc/misp/feed-osint//08d290e0-3409-4766-843b-042d364b2187.json,08d290e0-3409-4766-843b-042d364b2187,json,139,2,2026-04-11T22:00:12
2026-04-13T02:07:36.850550,CIRCL OSINT Feed,misp,https://www.circl.lu/doc/misp/feed-osint//2cd4314d-02e5-440d-9c30-374dc6ebec21.json,2cd4314d-02e5-440d-9c30-374dc6ebec21,json,2019,2,2026-04-12T19:00:04
2026-04-14T02:02:06.351906,IPsum-l5,text,https://raw.githubusercontent.com/stamparm/ipsum/master/levels/5.txt,,text,1725,,
2026-04-14T02:02:06.387562,IPsum-l4,text,https://raw.githubusercontent.com/stamparm/ipsum/master/levels/4.txt,,text,6711,,
2026-04-14T02:02:07.792426,abuse.ch-SSL,csv,https://sslbl.abuse.ch/blacklist/sslblacklist.csv,,csv,9565,,
2026-04-14T02:02:08.568284,mining-pool-block-list,csv,https://raw.githubusercontent.com/vuln000/mining-pool-block-list/refs/heads/main/mining_pools.csv,,csv,5655,,
2026-04-14T02:02:08.623420,Alienvault-IP-Reputation,csv,https://reputation.alienvault.com/reputation.generic,,csv,609,,
2026-04-14T02:02:08.667991,abuse.ch-Bazaar,misp,https://bazaar.abuse.ch/downloads/misp//8edc8f09-a824-4c4d-b658-4f66bee75274.json,8edc8f09-a824-4c4d-b658-4f66bee75274,json,1508,2,2026-04-14T00:03:01
2026-04-14T02:02:14.828909,Phishtank,csv,https://data.phishtank.com/data/online-valid.csv,,csv,56789,,
2026-04-14T02:02:15.019417,abuse.ch-URLhasus,misp,https://urlhaus.abuse.ch/downloads/misp/7cab67d6-d76d-4566-afa2-c36ea276a7dc.json,7cab67d6-d76d-4566-afa2-c36ea276a7dc,json,4344,2,2026-04-14T00:15:24
2026-04-14T02:02:15.140331,abuse.ch,misp,https://threatfox.abuse.ch/downloads/misp/c5275193-0cad-453e-854c-cea6e0e2df62.json,c5275193-0cad-453e-854c-cea6e0e2df62,json,453,2,2026-04-14T00:03:07
2026-04-14T02:02:17.720285,CIRCL OSINT Feed,misp,https://www.circl.lu/doc/misp/feed-osint//a9ea16b8-6c9c-4e74-b57f-90fae43f6485.json,a9ea16b8-6c9c-4e74-b57f-90fae43f6485,json,931,2,2026-04-13T14:01:36
2026-04-15T01:58:57.175399,IPsum-l5,text,https://raw.githubusercontent.com/stamparm/ipsum/master/levels/5.txt,,text,1785,,
2026-04-15T01:58:57.258218,IPsum-l4,text,https://raw.githubusercontent.com/stamparm/ipsum/master/levels/4.txt,,text,6768,,
2026-04-15T01:58:58.439392,mining-pool-block-list,csv,https://raw.githubusercontent.com/vuln000/mining-pool-block-list/refs/heads/main/mining_pools.csv,,csv,5651,,
2026-04-15T01:58:58.574318,Alienvault-IP-Reputation,csv,https://reputation.alienvault.com/reputation.generic,,csv,609,,
2026-04-15T01:58:58.651156,abuse.ch-Bazaar,misp,https://bazaar.abuse.ch/downloads/misp//1eba7d66-9ae2-490d-94b7-f521fe109449.json,1eba7d66-9ae2-490d-94b7-f521fe109449,json,1300,2,2026-04-15T00:03:01
2026-04-15T01:58:58.680301,abuse.ch-URLhasus,misp,https://urlhaus.abuse.ch/downloads/misp/64be3a9a-3ff1-4d0a-a288-26623f34709c.json,64be3a9a-3ff1-4d0a-a288-26623f34709c,json,1275,2,2026-04-15T00:15:23
2026-04-15T01:59:00.639480,abuse.ch-SSL,csv,https://sslbl.abuse.ch/blacklist/sslblacklist.csv,,csv,9588,,
2026-04-15T01:59:00.834349,abuse.ch,misp,https://threatfox.abuse.ch/downloads/misp/2f24afb3-db86-477c-86d6-02b2a8fcde11.json,2f24afb3-db86-477c-86d6-02b2a8fcde11,json,5794,2,2026-04-15T00:03:07
2026-04-15T01:59:09.914525,Phishtank,csv,https://data.phishtank.com/data/online-valid.csv,,csv,56883,,
2026-04-15T01:59:13.110085,CIRCL OSINT Feed,misp,https://www.circl.lu/doc/misp/feed-osint//9ffc0252-dcd2-4cab-96ec-b93c6f888ae4.json,9ffc0252-dcd2-4cab-96ec-b93c6f888ae4,json,5808,2,2026-04-14T20:00:24
2026-04-16T02:06:50.164765,IPsum-l5,text,https://raw.githubusercontent.com/stamparm/ipsum/master/levels/5.txt,,text,1982,,
2026-04-16T02:06:50.195220,IPsum-l4,text,https://raw.githubusercontent.com/stamparm/ipsum/master/levels/4.txt,,text,7274,,
2026-04-16T02:06:51.420934,mining-pool-block-list,csv,https://raw.githubusercontent.com/vuln000/mining-pool-block-list/refs/heads/main/mining_pools.csv,,csv,5647,,
2026-04-16T02:06:53.250241,abuse.ch-SSL,csv,https://sslbl.abuse.ch/blacklist/sslblacklist.csv,,csv,9598,,
2026-04-16T02:06:53.314937,Alienvault-IP-Reputation,csv,https://reputation.alienvault.com/reputation.generic,,csv,609,,
2026-04-16T02:06:53.493533,abuse.ch,misp,https://threatfox.abuse.ch/downloads/misp/954dea8f-9008-4992-920a-c872f703531d.json,954dea8f-9008-4992-920a-c872f703531d,json,1260,2,2026-04-16T00:03:07
2026-04-16T02:06:53.548879,abuse.ch-Bazaar,misp,https://bazaar.abuse.ch/downloads/misp//fa1e7519-1c1a-4124-8b32-77ce4d9824f4.json,fa1e7519-1c1a-4124-8b32-77ce4d9824f4,json,1904,2,2026-04-16T00:03:02
2026-04-16T02:06:53.631916,abuse.ch-URLhasus,misp,https://urlhaus.abuse.ch/downloads/misp/09a178c6-d080-4464-b2d0-7a1bd24946ac.json,09a178c6-d080-4464-b2d0-7a1bd24946ac,json,1741,2,2026-04-16T00:15:28
2026-04-16T02:07:02.826940,Phishtank,csv,https://data.phishtank.com/data/online-valid.csv,,csv,57133,,
2026-04-16T02:07:04.349432,CIRCL OSINT Feed,misp,https://www.circl.lu/doc/misp/feed-osint//e1b629a9-1476-4830-a5ee-83b601e05ff3.json,e1b629a9-1476-4830-a5ee-83b601e05ff3,json,248,2,2026-04-15T16:00:11
2026-04-17T02:02:46.212189,IPsum-l5,text,https://raw.githubusercontent.com/stamparm/ipsum/master/levels/5.txt,,text,2005,,
2026-04-17T02:02:46.267065,IPsum-l4,text,https://raw.githubusercontent.com/stamparm/ipsum/master/levels/4.txt,,text,7121,,
2026-04-17T02:02:47.422669,mining-pool-block-list,csv,https://raw.githubusercontent.com/vuln000/mining-pool-block-list/refs/heads/main/mining_pools.csv,,csv,5645,,
2026-04-17T02:02:47.483945,Alienvault-IP-Reputation,csv,https://reputation.alienvault.com/reputation.generic,,csv,609,,
2026-04-17T02:02:49.817955,abuse.ch-SSL,csv,https://sslbl.abuse.ch/blacklist/sslblacklist.csv,,csv,9606,,
2026-04-17T02:02:49.834521,abuse.ch,misp,https://threatfox.abuse.ch/downloads/misp/0a7a97db-b0ce-4868-9943-35cca62a1014.json,0a7a97db-b0ce-4868-9943-35cca62a1014,json,558,2,2026-04-17T00:03:07
2026-04-17T02:02:49.853481,abuse.ch-Bazaar,misp,https://bazaar.abuse.ch/downloads/misp//4064e96e-604d-488d-b7d0-bd6169d7b1f4.json,4064e96e-604d-488d-b7d0-bd6169d7b1f4,json,940,2,2026-04-17T00:03:02
2026-04-17T02:02:49.872016,abuse.ch-URLhasus,misp,https://urlhaus.abuse.ch/downloads/misp/7c63d010-5aa8-4960-9633-aaa1e916a224.json,7c63d010-5aa8-4960-9633-aaa1e916a224,json,1150,2,2026-04-17T00:15:25
2026-04-17T02:02:51.575873,CIRCL OSINT Feed,misp,https://www.circl.lu/doc/misp/feed-osint//40b63ce6-f62b-43ba-a695-7e02006db7c8.json,40b63ce6-f62b-43ba-a695-7e02006db7c8,json,1402,2,2026-04-16T20:00:08
2026-04-18T01:53:48.216331,IPsum-l4,text,https://raw.githubusercontent.com/stamparm/ipsum/master/levels/4.txt,,text,7220,,
2026-04-18T01:53:48.226687,IPsum-l5,text,https://raw.githubusercontent.com/stamparm/ipsum/master/levels/5.txt,,text,2102,,
2026-04-18T01:53:49.133304,mining-pool-block-list,csv,https://raw.githubusercontent.com/vuln000/mining-pool-block-list/refs/heads/main/mining_pools.csv,,csv,5648,,
2026-04-18T01:53:49.207811,abuse.ch-Bazaar,misp,https://bazaar.abuse.ch/downloads/misp//88bfde3a-136e-4db8-bdda-ff20ef750b49.json,88bfde3a-136e-4db8-bdda-ff20ef750b49,json,1548,2,2026-04-18T00:03:02
2026-04-18T01:53:50.532281,abuse.ch-SSL,csv,https://sslbl.abuse.ch/blacklist/sslblacklist.csv,,csv,9614,,
2026-04-18T01:53:50.553475,abuse.ch,misp,https://threatfox.abuse.ch/downloads/misp/c4693541-bdad-4ad1-a12a-8c32556e5dd6.json,c4693541-bdad-4ad1-a12a-8c32556e5dd6,json,767,2,2026-04-18T00:03:07
2026-04-18T01:53:50.597055,Alienvault-IP-Reputation,csv,https://reputation.alienvault.com/reputation.generic,,csv,609,,
2026-04-18T01:53:50.819250,abuse.ch-URLhasus,misp,https://urlhaus.abuse.ch/downloads/misp/ffb846ff-451f-4f48-83de-417a6228b54a.json,ffb846ff-451f-4f48-83de-417a6228b54a,json,1100,2,2026-04-18T00:15:23
2026-04-18T01:53:55.030046,CIRCL OSINT Feed,misp,https://www.circl.lu/doc/misp/feed-osint//e01c3382-0750-4036-9299-c508d322df77.json,e01c3382-0750-4036-9299-c508d322df77,json,1584,2,2026-04-17T20:00:38
2026-04-19T02:06:51.096218,IPsum-l4,text,https://raw.githubusercontent.com/stamparm/ipsum/master/levels/4.txt,,text,6625,,
2026-04-19T02:06:51.128027,IPsum-l5,text,https://raw.githubusercontent.com/stamparm/ipsum/master/levels/5.txt,,text,1695,,
2026-04-19T02:06:51.994241,mining-pool-block-list,csv,https://raw.githubusercontent.com/vuln000/mining-pool-block-list/refs/heads/main/mining_pools.csv,,csv,5641,,
2026-04-19T02:06:52.071502,abuse.ch-Bazaar,misp,https://bazaar.abuse.ch/downloads/misp//ba09a646-4863-4838-8ad9-386869bc9c58.json,ba09a646-4863-4838-8ad9-386869bc9c58,json,1668,2,2026-04-19T00:03:01
2026-04-19T02:06:52.102462,Alienvault-IP-Reputation,csv,https://reputation.alienvault.com/reputation.generic,,csv,609,,
2026-04-19T02:06:53.438856,abuse.ch-SSL,csv,https://sslbl.abuse.ch/blacklist/sslblacklist.csv,,csv,9615,,
2026-04-19T02:06:53.450024,abuse.ch,misp,https://threatfox.abuse.ch/downloads/misp/020ad15e-bbb6-44fb-ad21-b0375ca2a9b2.json,020ad15e-bbb6-44fb-ad21-b0375ca2a9b2,json,355,2,2026-04-19T00:03:07
2026-04-19T02:06:53.473559,abuse.ch-URLhasus,misp,https://urlhaus.abuse.ch/downloads/misp/0d2e5f7d-2f55-428f-9907-53b5464d9b5c.json,0d2e5f7d-2f55-428f-9907-53b5464d9b5c,json,1099,2,2026-04-19T00:15:28
2026-04-19T02:06:59.620316,Phishtank,csv,https://data.phishtank.com/data/online-valid.csv,,csv,57162,,
2026-04-19T02:07:05.797673,CIRCL OSINT Feed,misp,https://www.circl.lu/doc/misp/feed-osint//19cf13ab-8026-42da-82d0-5a856e1d479a.json,19cf13ab-8026-42da-82d0-5a856e1d479a,json,998,2,2026-04-18T16:01:10
2026-04-20T02:07:59.525746,IPsum-l5,text,https://raw.githubusercontent.com/stamparm/ipsum/master/levels/5.txt,,text,2714,,
2026-04-20T02:07:59.608843,IPsum-l4,text,https://raw.githubusercontent.com/stamparm/ipsum/master/levels/4.txt,,text,7908,,
2026-04-20T02:08:00.697584,mining-pool-block-list,csv,https://raw.githubusercontent.com/vuln000/mining-pool-block-list/refs/heads/main/mining_pools.csv,,csv,5635,,
2026-04-20T02:08:00.799480,Alienvault-IP-Reputation,csv,https://reputation.alienvault.com/reputation.generic,,csv,609,,
2026-04-20T02:08:00.857106,abuse.ch-Bazaar,misp,https://bazaar.abuse.ch/downloads/misp//74e77dde-cc02-44e4-b902-bfbbce756b4c.json,74e77dde-cc02-44e4-b902-bfbbce756b4c,json,1216,2,2026-04-20T00:03:01
2026-04-20T02:08:02.891044,abuse.ch-SSL,csv,https://sslbl.abuse.ch/blacklist/sslblacklist.csv,,csv,9615,,
2026-04-20T02:08:02.926337,abuse.ch-URLhasus,misp,https://urlhaus.abuse.ch/downloads/misp/9d3cfae3-0eb0-4c79-b538-b6feb3977eac.json,9d3cfae3-0eb0-4c79-b538-b6feb3977eac,json,939,2,2026-04-20T00:15:28
2026-04-20T02:08:12.214656,Phishtank,csv,https://data.phishtank.com/data/online-valid.csv,,csv,57489,,
2026-04-20T02:08:12.241405,abuse.ch,misp,https://threatfox.abuse.ch/downloads/misp/725c0e38-3f4d-4ed0-99c5-abb044c0465c.json,725c0e38-3f4d-4ed0-99c5-abb044c0465c,json,445,2,2026-04-20T00:03:07
2026-04-20T02:08:13.203662,CIRCL OSINT Feed,misp,https://www.circl.lu/doc/misp/feed-osint//6021536f-a808-4b9c-8136-d7460aba047c.json,6021536f-a808-4b9c-8136-d7460aba047c,json,303,2,2026-04-19T05:39:37
2026-04-20T02:08:14.480871,CIRCL OSINT Feed,misp,https://www.circl.lu/doc/misp/feed-osint//56ae8c9e-093c-4aa1-b82b-bedd4d7535c2.json,56ae8c9e-093c-4aa1-b82b-bedd4d7535c2,json,2695,2,2026-04-19T20:03:05
2026-04-21T02:03:39.264594,IPsum-l5,text,https://raw.githubusercontent.com/stamparm/ipsum/master/levels/5.txt,,text,3726,,
2026-04-21T02:03:39.336966,IPsum-l4,text,https://raw.githubusercontent.com/stamparm/ipsum/master/levels/4.txt,,text,8586,,
2026-04-21T02:03:40.407151,mining-pool-block-list,csv,https://raw.githubusercontent.com/vuln000/mining-pool-block-list/refs/heads/main/mining_pools.csv,,csv,5626,,
2026-04-21T02:03:42.239514,abuse.ch-SSL,csv,https://sslbl.abuse.ch/blacklist/sslblacklist.csv,,csv,9629,,
2026-04-21T02:03:42.306683,Alienvault-IP-Reputation,csv,https://reputation.alienvault.com/reputation.generic,,csv,609,,
2026-04-21T02:03:51.221149,Phishtank,csv,https://data.phishtank.com/data/online-valid.csv,,csv,57602,,
2026-04-21T02:03:51.333131,abuse.ch-URLhasus,misp,https://urlhaus.abuse.ch/downloads/misp/d68dd3ed-1d77-4a2a-a71c-486cf188675b.json,d68dd3ed-1d77-4a2a-a71c-486cf188675b,json,1296,2,2026-04-21T00:15:26
2026-04-21T02:03:51.442749,abuse.ch,misp,https://threatfox.abuse.ch/downloads/misp/b0929fa5-e143-4741-bf5c-e36da8ce8ceb.json,b0929fa5-e143-4741-bf5c-e36da8ce8ceb,json,565,2,2026-04-21T00:03:08
2026-04-21T02:03:51.570612,abuse.ch-Bazaar,misp,https://bazaar.abuse.ch/downloads/misp//06679caa-7a5c-4d46-a5c0-3f43c8e1b704.json,06679caa-7a5c-4d46-a5c0-3f43c8e1b704,json,3248,2,2026-04-21T00:03:02
2026-04-21T02:03:52.712875,CIRCL OSINT Feed,misp,https://www.circl.lu/doc/misp/feed-osint//edd72f39-6e90-4bde-aae0-387e18cbc015.json,edd72f39-6e90-4bde-aae0-387e18cbc015,json,1692,2,2026-04-20T20:00:06
2026-04-22T02:02:10.880652,IPsum-l5,text,https://raw.githubusercontent.com/stamparm/ipsum/master/levels/5.txt,,text,4046,,
2026-04-22T02:02:10.958216,IPsum-l4,text,https://raw.githubusercontent.com/stamparm/ipsum/master/levels/4.txt,,text,9337,,
2026-04-22T02:02:11.893441,mining-pool-block-list,csv,https://raw.githubusercontent.com/vuln000/mining-pool-block-list/refs/heads/main/mining_pools.csv,,csv,5629,,
2026-04-22T02:02:11.939864,Alienvault-IP-Reputation,csv,https://reputation.alienvault.com/reputation.generic,,csv,609,,
2026-04-22T02:02:13.427271,abuse.ch-SSL,csv,https://sslbl.abuse.ch/blacklist/sslblacklist.csv,,csv,9634,,
2026-04-22T02:02:13.443216,abuse.ch,misp,https://threatfox.abuse.ch/downloads/misp/79dbbdfa-6826-4045-a593-e0a9dfd28fff.json,79dbbdfa-6826-4045-a593-e0a9dfd28fff,json,478,2,2026-04-22T00:03:07
2026-04-22T02:02:13.469455,abuse.ch-URLhasus,misp,https://urlhaus.abuse.ch/downloads/misp/b28be99b-c6ba-4489-af20-b5824de2501e.json,b28be99b-c6ba-4489-af20-b5824de2501e,json,1162,2,2026-04-22T00:15:23
2026-04-22T02:02:13.556669,abuse.ch-Bazaar,misp,https://bazaar.abuse.ch/downloads/misp//e122c961-ef29-4334-8f8b-19d29dbf09e0.json,e122c961-ef29-4334-8f8b-19d29dbf09e0,json,1456,2,2026-04-22T00:03:01
2026-04-22T02:02:20.638379,Phishtank,csv,https://data.phishtank.com/data/online-valid.csv,,csv,57720,,
2026-04-22T02:02:23.714144,CIRCL OSINT Feed,misp,https://www.circl.lu/doc/misp/feed-osint//7f785788-f3a8-423a-8cf9-ec8480772460.json,7f785788-f3a8-423a-8cf9-ec8480772460,json,1722,2,2026-04-21T16:00:17
2026-04-23T02:05:43.323264,IPsum-l4,text,https://raw.githubusercontent.com/stamparm/ipsum/master/levels/4.txt,,text,9769,,
2026-04-23T02:05:43.400721,IPsum-l5,text,https://raw.githubusercontent.com/stamparm/ipsum/master/levels/5.txt,,text,4036,,
2026-04-23T02:05:44.490976,mining-pool-block-list,csv,https://raw.githubusercontent.com/vuln000/mining-pool-block-list/refs/heads/main/mining_pools.csv,,csv,5632,,
2026-04-23T02:05:44.608207,Alienvault-IP-Reputation,csv,https://reputation.alienvault.com/reputation.generic,,csv,609,,
2026-04-23T02:05:44.618955,abuse.ch,misp,https://threatfox.abuse.ch/downloads/misp/1fa8ad56-76e9-47a0-8fa7-63f22963963f.json,1fa8ad56-76e9-47a0-8fa7-63f22963963f,json,530,2,2026-04-23T00:03:07
2026-04-23T02:05:53.729036,Phishtank,csv,https://data.phishtank.com/data/online-valid.csv,,csv,57721,,
2026-04-23T02:05:55.694645,abuse.ch-SSL,csv,https://sslbl.abuse.ch/blacklist/sslblacklist.csv,,csv,9634,,
2026-04-23T02:05:55.754096,abuse.ch-URLhasus,misp,https://urlhaus.abuse.ch/downloads/misp/b3125487-42ca-4155-8d9d-4fcd0fd8a5cd.json,b3125487-42ca-4155-8d9d-4fcd0fd8a5cd,json,1712,2,2026-04-23T00:15:27
2026-04-23T02:05:55.796541,abuse.ch-Bazaar,misp,https://bazaar.abuse.ch/downloads/misp//f81883ca-45a6-42da-bb43-1b8743918a70.json,f81883ca-45a6-42da-bb43-1b8743918a70,json,2052,2,2026-04-23T00:03:02
2026-04-23T02:05:57.015260,CIRCL OSINT Feed,misp,https://www.circl.lu/doc/misp/feed-osint//ac521fad-b190-4293-9247-222762644fb7.json,ac521fad-b190-4293-9247-222762644fb7,json,2811,2,2026-04-22T22:00:28
2026-04-24T02:06:22.397931,Alienvault-IP-Reputation,csv,https://reputation.alienvault.com/reputation.generic,,csv,609,,
2026-04-24T02:06:22.422935,IPsum-l5,text,https://raw.githubusercontent.com/stamparm/ipsum/master/levels/5.txt,,text,3816,,
2026-04-24T02:06:22.504808,IPsum-l4,text,https://raw.githubusercontent.com/stamparm/ipsum/master/levels/4.txt,,text,9022,,
2026-04-24T02:06:23.568276,mining-pool-block-list,csv,https://raw.githubusercontent.com/vuln000/mining-pool-block-list/refs/heads/main/mining_pools.csv,,csv,5623,,
2026-04-24T02:06:25.429981,abuse.ch-SSL,csv,https://sslbl.abuse.ch/blacklist/sslblacklist.csv,,csv,9635,,
2026-04-24T02:06:25.447579,abuse.ch,misp,https://threatfox.abuse.ch/downloads/misp/c0173a35-0734-4522-8eb5-554f731effba.json,c0173a35-0734-4522-8eb5-554f731effba,json,494,2,2026-04-24T00:03:07
2026-04-24T02:06:25.817799,abuse.ch-URLhasus,misp,https://urlhaus.abuse.ch/downloads/misp/1f04d019-a73a-4be9-b385-10adc48e864b.json,1f04d019-a73a-4be9-b385-10adc48e864b,json,1109,2,2026-04-24T00:15:25
2026-04-24T02:06:26.266179,abuse.ch-Bazaar,misp,https://bazaar.abuse.ch/downloads/misp//83244be7-79e9-4529-b090-89b43edadacd.json,83244be7-79e9-4529-b090-89b43edadacd,json,2352,2,2026-04-24T00:03:02
2026-04-24T02:06:28.590854,CIRCL OSINT Feed,misp,https://www.circl.lu/doc/misp/feed-osint//465b76fb-42e4-4a02-b5fd-95d4a0e0cb5a.json,465b76fb-42e4-4a02-b5fd-95d4a0e0cb5a,json,355,2,2026-04-23T19:00:10
2026-04-25T01:56:07.461678,IPsum-l4,text,https://raw.githubusercontent.com/stamparm/ipsum/master/levels/4.txt,,text,8937,,
2026-04-25T01:56:07.531013,IPsum-l5,text,https://raw.githubusercontent.com/stamparm/ipsum/master/levels/5.txt,,text,3845,,
2026-04-25T01:56:08.619746,mining-pool-block-list,csv,https://raw.githubusercontent.com/vuln000/mining-pool-block-list/refs/heads/main/mining_pools.csv,,csv,5630,,
2026-04-25T01:56:08.723306,Alienvault-IP-Reputation,csv,https://reputation.alienvault.com/reputation.generic,,csv,609,,
2026-04-25T01:56:08.812078,abuse.ch-URLhasus,misp,https://urlhaus.abuse.ch/downloads/misp/81ad3ce5-6aa4-4cfb-8a37-dea279fa818d.json,81ad3ce5-6aa4-4cfb-8a37-dea279fa818d,json,1288,2,2026-04-25T00:15:26
2026-04-25T01:56:08.998043,abuse.ch-Bazaar,misp,https://bazaar.abuse.ch/downloads/misp//0e006053-c4a6-4ec1-86d1-f50c94fa1173.json,0e006053-c4a6-4ec1-86d1-f50c94fa1173,json,1680,2,2026-04-25T00:03:01
2026-04-25T01:56:09.005978,abuse.ch,misp,https://threatfox.abuse.ch/downloads/misp/a581d694-d03d-4890-9f6c-1b3ebeec7e8c.json,a581d694-d03d-4890-9f6c-1b3ebeec7e8c,json,401,2,2026-04-25T00:03:08
2026-04-25T01:56:10.976338,abuse.ch-SSL,csv,https://sslbl.abuse.ch/blacklist/sslblacklist.csv,,csv,9635,,
2026-04-26T02:09:51.219099,IPsum-l5,text,https://raw.githubusercontent.com/stamparm/ipsum/master/levels/5.txt,,text,3646,,
2026-04-26T02:09:51.306799,IPsum-l4,text,https://raw.githubusercontent.com/stamparm/ipsum/master/levels/4.txt,,text,8570,,
2026-04-26T02:09:52.374331,mining-pool-block-list,csv,https://raw.githubusercontent.com/vuln000/mining-pool-block-list/refs/heads/main/mining_pools.csv,,csv,5619,,
2026-04-26T02:09:52.465889,Alienvault-IP-Reputation,csv,https://reputation.alienvault.com/reputation.generic,,csv,609,,
2026-04-26T02:09:52.622001,abuse.ch,misp,https://threatfox.abuse.ch/downloads/misp/7641566d-bd4d-48be-9c2a-87dbbe323fbe.json,7641566d-bd4d-48be-9c2a-87dbbe323fbe,json,426,2,2026-04-26T00:03:06
2026-04-26T02:09:52.681408,abuse.ch-URLhasus,misp,https://urlhaus.abuse.ch/downloads/misp/21cce58f-bc32-45cd-b2b0-fea0e3bae556.json,21cce58f-bc32-45cd-b2b0-fea0e3bae556,json,1296,2,2026-04-26T00:15:30
2026-04-26T02:09:52.739168,abuse.ch-Bazaar,misp,https://bazaar.abuse.ch/downloads/misp//605f0f12-ea21-450e-9db8-65e11a514657.json,605f0f12-ea21-450e-9db8-65e11a514657,json,1604,2,2026-04-26T00:03:02
2026-04-26T02:09:54.657466,abuse.ch-SSL,csv,https://sslbl.abuse.ch/blacklist/sslblacklist.csv,,csv,9638,,
2026-04-26T02:10:03.745759,Phishtank,csv,https://data.phishtank.com/data/online-valid.csv,,csv,57768,,
2026-04-26T02:10:05.638351,CIRCL OSINT Feed,misp,https://www.circl.lu/doc/misp/feed-osint//71a0be23-b18e-4fb0-91fe-69a0ff3b53e3.json,71a0be23-b18e-4fb0-91fe-69a0ff3b53e3,json,652,2,2026-04-24T19:00:04
2026-04-26T02:10:06.916584,CIRCL OSINT Feed,misp,https://www.circl.lu/doc/misp/feed-osint//41c6badd-b26b-40f1-bee9-8ac50593d892.json,41c6badd-b26b-40f1-bee9-8ac50593d892,json,3009,2,2026-04-25T22:00:05
2026-04-27T02:12:21.671785,IPsum-l5,text,https://raw.githubusercontent.com/stamparm/ipsum/master/levels/5.txt,,text,3529,,
2026-04-27T02:12:21.761907,IPsum-l4,text,https://raw.githubusercontent.com/stamparm/ipsum/master/levels/4.txt,,text,8498,,
2026-04-27T02:12:22.566288,mining-pool-block-list,csv,https://raw.githubusercontent.com/vuln000/mining-pool-block-list/refs/heads/main/mining_pools.csv,,csv,5612,,
2026-04-27T02:12:22.651769,Alienvault-IP-Reputation,csv,https://reputation.alienvault.com/reputation.generic,,csv,609,,
2026-04-27T02:12:22.785462,abuse.ch,misp,https://threatfox.abuse.ch/downloads/misp/a9ad9de0-1710-43c4-bbd6-e5514967a66a.json,a9ad9de0-1710-43c4-bbd6-e5514967a66a,json,386,2,2026-04-27T00:03:07
2026-04-27T02:12:22.837306,abuse.ch-URLhasus,misp,https://urlhaus.abuse.ch/downloads/misp/4dccb2f6-b48f-4584-b2bb-54052fcb5cab.json,4dccb2f6-b48f-4584-b2bb-54052fcb5cab,json,1405,2,2026-04-27T00:15:24
2026-04-27T02:12:29.565636,Phishtank,csv,https://data.phishtank.com/data/online-valid.csv,,csv,57923,,
2026-04-27T02:12:31.074084,abuse.ch-SSL,csv,https://sslbl.abuse.ch/blacklist/sslblacklist.csv,,csv,9641,,
2026-04-27T02:12:31.108293,abuse.ch-Bazaar,misp,https://bazaar.abuse.ch/downloads/misp//bc313f93-76cf-4d33-bd20-d8f6937a2815.json,bc313f93-76cf-4d33-bd20-d8f6937a2815,json,1464,2,2026-04-27T00:03:02
2026-04-28T02:27:44.015647,IPsum-l5,text,https://raw.githubusercontent.com/stamparm/ipsum/master/levels/5.txt,,text,3527,,
2026-04-28T02:27:44.109658,IPsum-l4,text,https://raw.githubusercontent.com/stamparm/ipsum/master/levels/4.txt,,text,8337,,
2026-04-28T02:27:44.869170,mining-pool-block-list,csv,https://raw.githubusercontent.com/vuln000/mining-pool-block-list/refs/heads/main/mining_pools.csv,,csv,5626,,
2026-04-28T02:27:44.929998,Alienvault-IP-Reputation,csv,https://reputation.alienvault.com/reputation.generic,,csv,609,,
2026-04-28T02:27:46.430050,abuse.ch-SSL,csv,https://sslbl.abuse.ch/blacklist/sslblacklist.csv,,csv,9641,,
2026-04-28T02:27:46.531995,abuse.ch-Bazaar,misp,https://bazaar.abuse.ch/downloads/misp//e0f7d20e-36b6-4cf9-b772-8c29a57e508c.json,e0f7d20e-36b6-4cf9-b772-8c29a57e508c,json,2380,2,2026-04-28T00:03:02
2026-04-28T02:27:46.661617,abuse.ch,misp,https://threatfox.abuse.ch/downloads/misp/e8610ee2-6a0f-4727-b922-ee003f7a74d3.json,e8610ee2-6a0f-4727-b922-ee003f7a74d3,json,417,2,2026-04-28T00:03:07
2026-04-28T02:27:46.681847,abuse.ch-URLhasus,misp,https://urlhaus.abuse.ch/downloads/misp/1b1940d2-692a-49e3-aea9-d25a6c92a38c.json,1b1940d2-692a-49e3-aea9-d25a6c92a38c,json,756,2,2026-04-28T00:15:24
2026-04-28T02:27:48.087677,CIRCL OSINT Feed,misp,https://www.circl.lu/doc/misp/feed-osint//7fb56db4-d93d-4e94-84d0-ff0c41d703dc.json,7fb56db4-d93d-4e94-84d0-ff0c41d703dc,json,5624,2,2026-04-26T22:00:04
2026-04-28T02:27:49.014568,CIRCL OSINT Feed,misp,https://www.circl.lu/doc/misp/feed-osint//33f918d7-18b1-4726-8e7d-0bf424b7dd63.json,33f918d7-18b1-4726-8e7d-0bf424b7dd63,json,1591,2,2026-04-27T20:00:02
2026-04-29T02:28:12.387961,IPsum-l5,text,https://raw.githubusercontent.com/stamparm/ipsum/master/levels/5.txt,,text,3612,,
2026-04-29T02:28:12.558916,IPsum-l4,text,https://raw.githubusercontent.com/stamparm/ipsum/master/levels/4.txt,,text,8644,,
2026-04-29T02:28:12.645385,Alienvault-IP-Reputation,csv,https://reputation.alienvault.com/reputation.generic,,csv,609,,
2026-04-29T02:28:14.003587,abuse.ch-SSL,csv,https://sslbl.abuse.ch/blacklist/sslblacklist.csv,,csv,9641,,
2026-04-29T02:28:14.761944,mining-pool-block-list,csv,https://raw.githubusercontent.com/vuln000/mining-pool-block-list/refs/heads/main/mining_pools.csv,,csv,5622,,
2026-04-29T02:28:14.771551,abuse.ch,misp,https://threatfox.abuse.ch/downloads/misp/48e65fb4-3f6f-4567-bca0-c1fa57dff49a.json,48e65fb4-3f6f-4567-bca0-c1fa57dff49a,json,534,2,2026-04-29T00:03:07
2026-04-29T02:28:14.798648,abuse.ch-URLhasus,misp,https://urlhaus.abuse.ch/downloads/misp/89fce785-6947-44b6-9f01-590e34220294.json,89fce785-6947-44b6-9f01-590e34220294,json,1077,2,2026-04-29T00:15:28
2026-04-29T02:28:14.895379,abuse.ch-Bazaar,misp,https://bazaar.abuse.ch/downloads/misp//b214b416-76fb-4d10-89c9-b1580c03abd1.json,b214b416-76fb-4d10-89c9-b1580c03abd1,json,1692,2,2026-04-29T00:03:01
2026-04-29T02:28:21.117767,Phishtank,csv,https://data.phishtank.com/data/online-valid.csv,,csv,58372,,
2026-04-29T02:28:22.334700,CIRCL OSINT Feed,misp,https://www.circl.lu/doc/misp/feed-osint//b386637f-dd0a-4e97-ba8e-911ad76270d5.json,b386637f-dd0a-4e97-ba8e-911ad76270d5,json,880,2,2026-04-28T21:01:59
2026-04-30T02:28:58.220689,Alienvault-IP-Reputation,csv,https://reputation.alienvault.com/reputation.generic,,csv,609,,
2026-04-30T02:28:58.237110,IPsum-l5,text,https://raw.githubusercontent.com/stamparm/ipsum/master/levels/5.txt,,text,3472,,
2026-04-30T02:28:58.320037,IPsum-l4,text,https://raw.githubusercontent.com/stamparm/ipsum/master/levels/4.txt,,text,8444,,
2026-04-30T02:28:59.400085,mining-pool-block-list,csv,https://raw.githubusercontent.com/vuln000/mining-pool-block-list/refs/heads/main/mining_pools.csv,,csv,5620,,
2026-04-30T02:28:59.455404,abuse.ch-Bazaar,misp,https://bazaar.abuse.ch/downloads/misp//245f2e29-3c0d-4e31-9a57-1bb81c09c3b7.json,245f2e29-3c0d-4e31-9a57-1bb81c09c3b7,json,2116,2,2026-04-30T00:03:01
2026-04-30T02:29:01.480575,abuse.ch-SSL,csv,https://sslbl.abuse.ch/blacklist/sslblacklist.csv,,csv,9642,,
2026-04-30T02:29:01.549280,abuse.ch,misp,https://threatfox.abuse.ch/downloads/misp/0b5a5e5d-2713-4b54-bf7b-0e1632ebaa24.json,0b5a5e5d-2713-4b54-bf7b-0e1632ebaa24,json,414,2,2026-04-30T00:03:32
2026-04-30T02:29:01.573777,abuse.ch-URLhasus,misp,https://urlhaus.abuse.ch/downloads/misp/df18b3b7-5072-492f-8565-877274060fce.json,df18b3b7-5072-492f-8565-877274060fce,json,1204,2,2026-04-30T00:15:28
2026-04-30T02:29:10.677520,Phishtank,csv,https://data.phishtank.com/data/online-valid.csv,,csv,58667,,
2026-05-01T02:34:32.999811,IPsum-l5,text,https://raw.githubusercontent.com/stamparm/ipsum/master/levels/5.txt,,text,3520,,
2026-05-01T02:34:33.084016,IPsum-l4,text,https://raw.githubusercontent.com/stamparm/ipsum/master/levels/4.txt,,text,8464,,
2026-05-01T02:34:33.226512,Alienvault-IP-Reputation,csv,https://reputation.alienvault.com/reputation.generic,,csv,609,,
2026-05-01T02:34:34.295487,mining-pool-block-list,csv,https://raw.githubusercontent.com/vuln000/mining-pool-block-list/refs/heads/main/mining_pools.csv,,csv,5614,,
2026-05-01T02:34:34.403185,abuse.ch-Bazaar,misp,https://bazaar.abuse.ch/downloads/misp//8f380184-c1b3-4d17-88db-2fd523b3f481.json,8f380184-c1b3-4d17-88db-2fd523b3f481,json,1532,2,2026-05-01T00:03:02
2026-05-01T02:34:36.270258,abuse.ch-SSL,csv,https://sslbl.abuse.ch/blacklist/sslblacklist.csv,,csv,9645,,
2026-05-01T02:34:36.287133,abuse.ch,misp,https://threatfox.abuse.ch/downloads/misp/f9292c31-45c7-417f-a7cb-6ab3e62038f3.json,f9292c31-45c7-417f-a7cb-6ab3e62038f3,json,679,2,2026-05-01T00:03:07
2026-05-01T02:34:36.373703,abuse.ch-URLhasus,misp,https://urlhaus.abuse.ch/downloads/misp/edb394d0-db42-46ca-8149-170e8ebb0fc2.json,edb394d0-db42-46ca-8149-170e8ebb0fc2,json,974,2,2026-05-01T00:15:29
2026-05-01T02:34:45.983997,Phishtank,csv,https://data.phishtank.com/data/online-valid.csv,,csv,59238,,
2026-05-01T02:34:52.887703,CIRCL OSINT Feed,misp,https://www.circl.lu/doc/misp/feed-osint//51c47e73-03bc-444b-91f4-1293c8a3a082.json,51c47e73-03bc-444b-91f4-1293c8a3a082,json,3927,2,2026-04-30T21:00:13
2026-05-01T02:34:54.090869,CIRCL OSINT Feed,misp,https://www.circl.lu/doc/misp/feed-osint//ce22ab1e-7841-448d-8420-2fb8986d03b2.json,ce22ab1e-7841-448d-8420-2fb8986d03b2,json,1768,2,2026-04-29T19:00:36
2026-05-02T02:10:03.984164,IPsum-l4,text,https://raw.githubusercontent.com/stamparm/ipsum/master/levels/4.txt,,text,8822,,
2026-05-02T02:10:04.051904,IPsum-l5,text,https://raw.githubusercontent.com/stamparm/ipsum/master/levels/5.txt,,text,3691,,
2026-05-02T02:10:05.150910,mining-pool-block-list,csv,https://raw.githubusercontent.com/vuln000/mining-pool-block-list/refs/heads/main/mining_pools.csv,,csv,5608,,
2026-05-02T02:10:05.253618,Alienvault-IP-Reputation,csv,https://reputation.alienvault.com/reputation.generic,,csv,609,,
2026-05-02T02:10:05.332815,abuse.ch-Bazaar,misp,https://bazaar.abuse.ch/downloads/misp//b61d0375-ca20-48b6-9a05-6b9c4eadc523.json,b61d0375-ca20-48b6-9a05-6b9c4eadc523,json,1288,2,2026-05-02T00:03:02
2026-05-02T02:10:05.695966,abuse.ch-URLhasus,misp,https://urlhaus.abuse.ch/downloads/misp/63a0c04d-fb7d-4d75-a55b-dac9cb9b539f.json,63a0c04d-fb7d-4d75-a55b-dac9cb9b539f,json,1335,2,2026-05-02T00:15:25
2026-05-02T02:10:05.712521,abuse.ch,misp,https://threatfox.abuse.ch/downloads/misp/7fd343a4-8966-48fc-af75-f36f7d635e43.json,7fd343a4-8966-48fc-af75-f36f7d635e43,json,941,2,2026-05-02T00:03:07
2026-05-02T02:10:07.810838,abuse.ch-SSL,csv,https://sslbl.abuse.ch/blacklist/sslblacklist.csv,,csv,9645,,
2026-05-02T02:10:10.084030,CIRCL OSINT Feed,misp,https://www.circl.lu/doc/misp/feed-osint//f9186f67-0632-4896-865a-6d5892a87f84.json,f9186f67-0632-4896-865a-6d5892a87f84,json,294,2,2026-05-01T21:00:07
2026-05-03T02:25:44.248983,IPsum-l4,text,https://raw.githubusercontent.com/stamparm/ipsum/master/levels/4.txt,,text,8657,,
2026-05-03T02:25:44.362987,IPsum-l5,text,https://raw.githubusercontent.com/stamparm/ipsum/master/levels/5.txt,,text,3629,,
2026-05-03T02:25:45.477627,mining-pool-block-list,csv,https://raw.githubusercontent.com/vuln000/mining-pool-block-list/refs/heads/main/mining_pools.csv,,csv,5590,,
2026-05-03T02:25:45.532203,Alienvault-IP-Reputation,csv,https://reputation.alienvault.com/reputation.generic,,csv,609,,
2026-05-03T02:25:47.444500,abuse.ch-SSL,csv,https://sslbl.abuse.ch/blacklist/sslblacklist.csv,,csv,9649,,
2026-05-03T02:25:47.472269,abuse.ch,misp,https://threatfox.abuse.ch/downloads/misp/9eee58a7-9ec4-4842-8463-647e3298399e.json,9eee58a7-9ec4-4842-8463-647e3298399e,json,1075,2,2026-05-03T00:03:08
2026-05-03T02:25:47.560736,abuse.ch-URLhasus,misp,https://urlhaus.abuse.ch/downloads/misp/b019c39b-4468-4e46-99af-8b502f8823c2.json,b019c39b-4468-4e46-99af-8b502f8823c2,json,1138,2,2026-05-03T00:15:29
2026-05-03T02:25:47.596180,abuse.ch-Bazaar,misp,https://bazaar.abuse.ch/downloads/misp//1f318b2b-abce-4e3a-96e6-fb37f78c9f9f.json,1f318b2b-abce-4e3a-96e6-fb37f78c9f9f,json,1712,2,2026-05-03T00:03:02
2026-05-03T02:25:52.829279,CIRCL OSINT Feed,misp,https://www.circl.lu/doc/misp/feed-osint//4c9bb553-9aa3-41b3-ae8b-ffdd075ae910.json,4c9bb553-9aa3-41b3-ae8b-ffdd075ae910,json,230,2,2026-05-02T17:00:10
2026-05-04T02:24:56.775657,IPsum-l5,text,https://raw.githubusercontent.com/stamparm/ipsum/master/levels/5.txt,,text,1944,,
2026-05-04T02:24:56.801889,IPsum-l4,text,https://raw.githubusercontent.com/stamparm/ipsum/master/levels/4.txt,,text,6581,,
2026-05-04T02:24:57.976050,mining-pool-block-list,csv,https://raw.githubusercontent.com/vuln000/mining-pool-block-list/refs/heads/main/mining_pools.csv,,csv,5582,,
2026-05-04T02:24:59.900680,abuse.ch-SSL,csv,https://sslbl.abuse.ch/blacklist/sslblacklist.csv,,csv,9649,,
2026-05-04T02:24:59.914894,abuse.ch,misp,https://threatfox.abuse.ch/downloads/misp/6c4d8134-4b20-4d0f-ada5-9e6ed0ba166c.json,6c4d8134-4b20-4d0f-ada5-9e6ed0ba166c,json,510,2,2026-05-04T00:03:08
2026-05-04T02:24:59.938395,abuse.ch-Bazaar,misp,https://bazaar.abuse.ch/downloads/misp//139711bf-c582-4a9e-8030-946edbcaf516.json,139711bf-c582-4a9e-8030-946edbcaf516,json,940,2,2026-05-04T00:03:01
2026-05-04T02:24:59.978858,Alienvault-IP-Reputation,csv,https://reputation.alienvault.com/reputation.generic,,csv,609,,
2026-05-04T02:25:00.925997,abuse.ch-URLhasus,misp,https://urlhaus.abuse.ch/downloads/misp/6703935b-5312-4b64-a805-317705ead86a.json,6703935b-5312-4b64-a805-317705ead86a,json,877,2,2026-05-04T00:15:26
2026-05-04T02:25:07.909268,CIRCL OSINT Feed,misp,https://www.circl.lu/doc/misp/feed-osint//905c13e3-96bb-44a4-9e41-1ff9e2fd63bf.json,905c13e3-96bb-44a4-9e41-1ff9e2fd63bf,json,32,2,2026-05-03T23:00:19
2026-05-04T02:25:12.679554,CIRCL OSINT Feed,misp,https://www.circl.lu/doc/misp/feed-osint//a6ef797d-7223-409b-88bd-30bd3fafed2c.json,a6ef797d-7223-409b-88bd-30bd3fafed2c,json,1869,2,2026-05-03T22:05:07
2026-05-05T02:13:06.172427,IPsum-l4,text,https://raw.githubusercontent.com/stamparm/ipsum/master/levels/4.txt,,text,8868,,
2026-05-05T02:13:06.236386,IPsum-l5,text,https://raw.githubusercontent.com/stamparm/ipsum/master/levels/5.txt,,text,3593,,
2026-05-05T02:13:06.844024,mining-pool-block-list,csv,https://raw.githubusercontent.com/vuln000/mining-pool-block-list/refs/heads/main/mining_pools.csv,,csv,5576,,
2026-05-05T02:13:06.886270,abuse.ch-Bazaar,misp,https://bazaar.abuse.ch/downloads/misp//e9d54246-d6f8-48eb-b1dc-94cdae0c6c50.json,e9d54246-d6f8-48eb-b1dc-94cdae0c6c50,json,844,2,2026-05-05T00:03:01
2026-05-05T02:13:07.915942,abuse.ch-SSL,csv,https://sslbl.abuse.ch/blacklist/sslblacklist.csv,,csv,9649,,
2026-05-05T02:13:07.941631,Alienvault-IP-Reputation,csv,https://reputation.alienvault.com/reputation.generic,,csv,609,,
2026-05-05T02:13:07.949332,abuse.ch,misp,https://threatfox.abuse.ch/downloads/misp/610d402c-c1ac-4857-b13e-74e29a864dd5.json,610d402c-c1ac-4857-b13e-74e29a864dd5,json,894,2,2026-05-05T00:03:07
2026-05-05T02:13:08.017548,abuse.ch-URLhasus,misp,https://urlhaus.abuse.ch/downloads/misp/30394dac-33ba-4a39-b9ca-598ba500b7b7.json,30394dac-33ba-4a39-b9ca-598ba500b7b7,json,1094,2,2026-05-05T00:15:22
2026-05-06T02:23:17.056579,IPsum-l5,text,https://raw.githubusercontent.com/stamparm/ipsum/master/levels/5.txt,,text,3476,,
2026-05-06T02:23:17.147755,IPsum-l4,text,https://raw.githubusercontent.com/stamparm/ipsum/master/levels/4.txt,,text,8475,,
2026-05-06T02:23:18.183597,mining-pool-block-list,csv,https://raw.githubusercontent.com/vuln000/mining-pool-block-list/refs/heads/main/mining_pools.csv,,csv,5563,,
2026-05-06T02:23:18.258296,Alienvault-IP-Reputation,csv,https://reputation.alienvault.com/reputation.generic,,csv,609,,
2026-05-06T02:23:18.481285,abuse.ch-URLhasus,misp,https://urlhaus.abuse.ch/downloads/misp/baa39355-9b91-4efb-9f3c-82200cdf8d93.json,baa39355-9b91-4efb-9f3c-82200cdf8d93,json,1513,2,2026-05-06T00:15:23
2026-05-06T02:23:20.334264,abuse.ch-SSL,csv,https://sslbl.abuse.ch/blacklist/sslblacklist.csv,,csv,9661,,
2026-05-06T02:23:20.360866,abuse.ch,misp,https://threatfox.abuse.ch/downloads/misp/8daa9c73-2e83-4403-93ff-27fc4528a7e0.json,8daa9c73-2e83-4403-93ff-27fc4528a7e0,json,826,2,2026-05-06T00:03:07
2026-05-06T02:23:20.491941,abuse.ch-Bazaar,misp,https://bazaar.abuse.ch/downloads/misp//f4a62ee0-f5b8-441f-9814-8cc513944d2f.json,f4a62ee0-f5b8-441f-9814-8cc513944d2f,json,1608,2,2026-05-06T00:03:01
2026-05-07T02:25:51.955992,IPsum-l5,text,https://raw.githubusercontent.com/stamparm/ipsum/master/levels/5.txt,,text,2527,,
2026-05-07T02:25:52.031288,Alienvault-IP-Reputation,csv,https://reputation.alienvault.com/reputation.generic,,csv,609,,
2026-05-07T02:25:52.135262,IPsum-l4,text,https://raw.githubusercontent.com/stamparm/ipsum/master/levels/4.txt,,text,8405,,
2026-05-07T02:25:53.195320,mining-pool-block-list,csv,https://raw.githubusercontent.com/vuln000/mining-pool-block-list/refs/heads/main/mining_pools.csv,,csv,5586,,
2026-05-07T02:25:55.085887,abuse.ch-SSL,csv,https://sslbl.abuse.ch/blacklist/sslblacklist.csv,,csv,9663,,
2026-05-07T02:25:55.100729,abuse.ch,misp,https://threatfox.abuse.ch/downloads/misp/5f2a4fe1-b5a6-4a06-bed3-0540ec8ff046.json,5f2a4fe1-b5a6-4a06-bed3-0540ec8ff046,json,586,2,2026-05-07T00:03:07
2026-05-07T02:25:55.120067,abuse.ch-URLhasus,misp,https://urlhaus.abuse.ch/downloads/misp/8d9687cd-8c1d-4611-8c36-7f763bdc5029.json,8d9687cd-8c1d-4611-8c36-7f763bdc5029,json,1055,2,2026-05-07T00:15:22
2026-05-07T02:25:55.202909,abuse.ch-Bazaar,misp,https://bazaar.abuse.ch/downloads/misp//32e72984-0fc9-47a9-aff7-b0a7e7874ad0.json,32e72984-0fc9-47a9-aff7-b0a7e7874ad0,json,1100,2,2026-05-07T00:03:01
2026-05-08T02:33:13.353232,IPsum-l4,text,https://raw.githubusercontent.com/stamparm/ipsum/master/levels/4.txt,,text,9067,,
2026-05-08T02:33:13.420814,IPsum-l5,text,https://raw.githubusercontent.com/stamparm/ipsum/master/levels/5.txt,,text,3562,,
2026-05-08T02:33:13.486514,Alienvault-IP-Reputation,csv,https://reputation.alienvault.com/reputation.generic,,csv,609,,
2026-05-08T02:33:14.591897,mining-pool-block-list,csv,https://raw.githubusercontent.com/vuln000/mining-pool-block-list/refs/heads/main/mining_pools.csv,,csv,5587,,
2026-05-08T02:33:14.643143,abuse.ch,misp,https://threatfox.abuse.ch/downloads/misp/2870c731-3811-4ab4-bbe9-e4e77764ddf4.json,2870c731-3811-4ab4-bbe9-e4e77764ddf4,json,380,2,2026-05-08T00:03:07
2026-05-08T02:33:16.573380,abuse.ch-SSL,csv,https://sslbl.abuse.ch/blacklist/sslblacklist.csv,,csv,9663,,
2026-05-08T02:33:16.597890,abuse.ch-URLhasus,misp,https://urlhaus.abuse.ch/downloads/misp/f80f5edb-7a6e-4bc2-ba74-3ae347aeb1f2.json,f80f5edb-7a6e-4bc2-ba74-3ae347aeb1f2,json,793,2,2026-05-08T00:15:26
2026-05-08T02:33:16.617407,abuse.ch-Bazaar,misp,https://bazaar.abuse.ch/downloads/misp//c09315e3-12d6-4d56-87f1-c570579f1f6d.json,c09315e3-12d6-4d56-87f1-c570579f1f6d,json,768,2,2026-05-08T00:03:02
2026-05-08T02:33:21.390857,CIRCL OSINT Feed,misp,https://www.circl.lu/doc/misp/feed-osint//6202358f-37d4-4f3b-8a89-faec9ceeb909.json,6202358f-37d4-4f3b-8a89-faec9ceeb909,json,225,2,2026-05-06T23:00:50
2026-05-08T02:33:23.303629,CIRCL OSINT Feed,misp,https://www.circl.lu/doc/misp/feed-osint//4db752e8-4cf1-429b-afd6-209df464146c.json,4db752e8-4cf1-429b-afd6-209df464146c,json,2050,2,2026-05-05T21:00:09
2026-05-08T02:33:23.629419,CIRCL OSINT Feed,misp,https://www.circl.lu/doc/misp/feed-osint//18fe8d57-6f89-4001-9500-7b26c0f50c8b.json,18fe8d57-6f89-4001-9500-7b26c0f50c8b,json,4049,2,2026-05-06T22:00:09
2026-05-09T02:25:57.908103,Alienvault-IP-Reputation,csv,https://reputation.alienvault.com/reputation.generic,,csv,609,,
2026-05-09T02:25:57.921060,IPsum-l5,text,https://raw.githubusercontent.com/stamparm/ipsum/master/levels/5.txt,,text,3619,,
2026-05-09T02:25:57.992995,IPsum-l4,text,https://raw.githubusercontent.com/stamparm/ipsum/master/levels/4.txt,,text,8885,,
2026-05-09T02:25:58.593479,mining-pool-block-list,csv,https://raw.githubusercontent.com/vuln000/mining-pool-block-list/refs/heads/main/mining_pools.csv,,csv,5592,,
2026-05-09T02:25:59.681107,abuse.ch-SSL,csv,https://sslbl.abuse.ch/blacklist/sslblacklist.csv,,csv,9684,,
2026-05-09T02:25:59.703728,abuse.ch,misp,https://threatfox.abuse.ch/downloads/misp/a492bfa0-4def-4318-a9a7-55d9e2d944a9.json,a492bfa0-4def-4318-a9a7-55d9e2d944a9,json,805,2,2026-05-09T00:03:08
2026-05-09T02:25:59.811116,abuse.ch-Bazaar,misp,https://bazaar.abuse.ch/downloads/misp//e4213add-52cd-4ad2-8e7c-37ce5a8af1ce.json,e4213add-52cd-4ad2-8e7c-37ce5a8af1ce,json,3220,2,2026-05-09T00:03:02
2026-05-09T02:25:59.829630,abuse.ch-URLhasus,misp,https://urlhaus.abuse.ch/downloads/misp/32d9c8fd-90f9-4559-bf33-e8985b01fd10.json,32d9c8fd-90f9-4559-bf33-e8985b01fd10,json,1184,2,2026-05-09T00:15:26
2026-05-10T02:29:02.229084,IPsum-l4,text,https://raw.githubusercontent.com/stamparm/ipsum/master/levels/4.txt,,text,7674,,
2026-05-10T02:29:02.288635,IPsum-l5,text,https://raw.githubusercontent.com/stamparm/ipsum/master/levels/5.txt,,text,2585,,
2026-05-10T02:29:03.066260,mining-pool-block-list,csv,https://raw.githubusercontent.com/vuln000/mining-pool-block-list/refs/heads/main/mining_pools.csv,,csv,5591,,
2026-05-10T02:29:03.126682,abuse.ch-Bazaar,misp,https://bazaar.abuse.ch/downloads/misp//b94f69ab-1d20-4ec7-80d5-dcf0a1e6ec3a.json,b94f69ab-1d20-4ec7-80d5-dcf0a1e6ec3a,json,904,2,2026-05-10T00:03:01
2026-05-10T02:29:03.151404,Alienvault-IP-Reputation,csv,https://reputation.alienvault.com/reputation.generic,,csv,609,,
2026-05-10T02:29:03.183284,abuse.ch,misp,https://threatfox.abuse.ch/downloads/misp/0546e3dc-4c83-48c4-a7b4-f9b0d575c1cd.json,0546e3dc-4c83-48c4-a7b4-f9b0d575c1cd,json,631,2,2026-05-10T00:03:07
2026-05-10T02:29:05.390341,abuse.ch-SSL,csv,https://sslbl.abuse.ch/blacklist/sslblacklist.csv,,csv,9684,,
2026-05-10T02:29:05.413661,abuse.ch-URLhasus,misp,https://urlhaus.abuse.ch/downloads/misp/611b8193-4612-47e8-a3a8-4b847b6a02fa.json,611b8193-4612-47e8-a3a8-4b847b6a02fa,json,1142,2,2026-05-10T00:15:26
2026-05-10T02:29:07.443043,CIRCL OSINT Feed,misp,https://www.circl.lu/doc/misp/feed-osint//63f01919-4cf7-4dfd-a11f-3b4bcf2a5ab1.json,63f01919-4cf7-4dfd-a11f-3b4bcf2a5ab1,json,2358,2,2026-05-08T22:01:26
2026-05-10T02:29:07.983693,CIRCL OSINT Feed,misp,https://www.circl.lu/doc/misp/feed-osint//b7e3734d-8081-44f7-9867-29a1d7ab1b98.json,b7e3734d-8081-44f7-9867-29a1d7ab1b98,json,4135,2,2026-05-09T20:00:53
2026-05-11T02:38:14.348066,IPsum-l5,text,https://raw.githubusercontent.com/stamparm/ipsum/master/levels/5.txt,,text,2454,,
2026-05-11T02:38:14.436964,IPsum-l4,text,https://raw.githubusercontent.com/stamparm/ipsum/master/levels/4.txt,,text,7467,,
2026-05-11T02:38:15.491243,mining-pool-block-list,csv,https://raw.githubusercontent.com/vuln000/mining-pool-block-list/refs/heads/main/mining_pools.csv,,csv,5581,,
2026-05-11T02:38:15.566865,Alienvault-IP-Reputation,csv,https://reputation.alienvault.com/reputation.generic,,csv,609,,
2026-05-11T02:38:15.773769,abuse.ch-URLhasus,misp,https://urlhaus.abuse.ch/downloads/misp/c4694317-e26d-4603-848e-618abbdc4d7c.json,c4694317-e26d-4603-848e-618abbdc4d7c,json,1093,2,2026-05-11T00:15:26
2026-05-11T02:38:16.894862,abuse.ch,misp,https://threatfox.abuse.ch/downloads/misp/749b78df-e5ac-4156-8c04-ccd9584d88e5.json,749b78df-e5ac-4156-8c04-ccd9584d88e5,json,577,2,2026-05-11T00:03:07
2026-05-11T02:38:18.792814,abuse.ch-SSL,csv,https://sslbl.abuse.ch/blacklist/sslblacklist.csv,,csv,9684,,
2026-05-11T02:38:18.824397,abuse.ch-Bazaar,misp,https://bazaar.abuse.ch/downloads/misp//012d35a0-bc66-47b6-9258-0cd158dca4a7.json,012d35a0-bc66-47b6-9258-0cd158dca4a7,json,1400,2,2026-05-11T00:03:02
2026-05-11T02:38:27.587090,CIRCL OSINT Feed,misp,https://www.circl.lu/doc/misp/feed-osint//64de6b82-8870-44ff-8fa5-18d75f2ee5ad.json,64de6b82-8870-44ff-8fa5-18d75f2ee5ad,json,871,2,2026-05-10T18:00:07
2026-05-12T02:31:09.353819,IPsum-l5,text,https://raw.githubusercontent.com/stamparm/ipsum/master/levels/5.txt,,text,2630,,
2026-05-12T02:31:09.443325,Alienvault-IP-Reputation,csv,https://reputation.alienvault.com/reputation.generic,,csv,609,,
2026-05-12T02:31:09.482433,IPsum-l4,text,https://raw.githubusercontent.com/stamparm/ipsum/master/levels/4.txt,,text,8116,,
2026-05-12T02:31:10.292592,mining-pool-block-list,csv,https://raw.githubusercontent.com/vuln000/mining-pool-block-list/refs/heads/main/mining_pools.csv,,csv,5578,,
2026-05-12T02:31:10.368858,abuse.ch-Bazaar,misp,https://bazaar.abuse.ch/downloads/misp//c4ed9c9f-ddf7-47b4-9762-98ed892de9cd.json,c4ed9c9f-ddf7-47b4-9762-98ed892de9cd,json,1104,2,2026-05-12T00:03:02
2026-05-12T02:31:10.528860,abuse.ch,misp,https://threatfox.abuse.ch/downloads/misp/409e9bd7-56d7-47f5-93bf-415e39607b09.json,409e9bd7-56d7-47f5-93bf-415e39607b09,json,201,2,2026-05-12T00:03:08
2026-05-12T02:31:10.551791,abuse.ch-URLhasus,misp,https://urlhaus.abuse.ch/downloads/misp/61174d9d-83de-4d55-8eb4-eb6b1c87bdbc.json,61174d9d-83de-4d55-8eb4-eb6b1c87bdbc,json,943,2,2026-05-12T00:15:27
2026-05-12T02:31:12.152403,abuse.ch-SSL,csv,https://sslbl.abuse.ch/blacklist/sslblacklist.csv,,csv,9684,,
2026-05-13T02:37:55.822166,IPsum-l5,text,https://raw.githubusercontent.com/stamparm/ipsum/master/levels/5.txt,,text,2680,,
2026-05-13T02:37:55.926174,IPsum-l4,text,https://raw.githubusercontent.com/stamparm/ipsum/master/levels/4.txt,,text,8344,,
2026-05-13T02:37:56.777994,mining-pool-block-list,csv,https://raw.githubusercontent.com/vuln000/mining-pool-block-list/refs/heads/main/mining_pools.csv,,csv,5581,,
2026-05-13T02:37:56.819899,Alienvault-IP-Reputation,csv,https://reputation.alienvault.com/reputation.generic,,csv,609,,
2026-05-13T02:37:58.206310,abuse.ch-SSL,csv,https://sslbl.abuse.ch/blacklist/sslblacklist.csv,,csv,9684,,
2026-05-13T02:37:58.234943,abuse.ch-Bazaar,misp,https://bazaar.abuse.ch/downloads/misp//0dc6a09d-e8d7-48fd-a3f7-f554afb8d1b3.json,0dc6a09d-e8d7-48fd-a3f7-f554afb8d1b3,json,1192,2,2026-05-13T00:03:02
2026-05-13T02:37:58.357171,abuse.ch,misp,https://threatfox.abuse.ch/downloads/misp/fc9cb20c-d3f1-4292-bb77-c5844aea3d6e.json,fc9cb20c-d3f1-4292-bb77-c5844aea3d6e,json,687,2,2026-05-13T00:03:08
2026-05-13T02:37:58.440211,abuse.ch-URLhasus,misp,https://urlhaus.abuse.ch/downloads/misp/0226a244-f752-4b5d-9bcc-9d743dbf049b.json,0226a244-f752-4b5d-9bcc-9d743dbf049b,json,995,2,2026-05-13T00:15:28
2026-05-14T02:38:32.399225,IPsum-l5,text,https://raw.githubusercontent.com/stamparm/ipsum/master/levels/5.txt,,text,1761,,
2026-05-14T02:38:32.505635,IPsum-l4,text,https://raw.githubusercontent.com/stamparm/ipsum/master/levels/4.txt,,text,7486,,
2026-05-14T02:38:33.322073,mining-pool-block-list,csv,https://raw.githubusercontent.com/vuln000/mining-pool-block-list/refs/heads/main/mining_pools.csv,,csv,5584,,
2026-05-14T02:38:34.811909,abuse.ch-SSL,csv,https://sslbl.abuse.ch/blacklist/sslblacklist.csv,,csv,9684,,
2026-05-14T02:38:34.824074,abuse.ch,misp,https://threatfox.abuse.ch/downloads/misp/850df07f-f7ee-40de-98f3-e22cac074382.json,850df07f-f7ee-40de-98f3-e22cac074382,json,132,2,2026-05-14T00:03:08
2026-05-14T02:38:34.894718,abuse.ch-Bazaar,misp,https://bazaar.abuse.ch/downloads/misp//e3c88e12-0203-4ab5-9dc3-c1156392cd5c.json,e3c88e12-0203-4ab5-9dc3-c1156392cd5c,json,896,2,2026-05-14T00:03:02
2026-05-14T02:38:34.989027,abuse.ch-URLhasus,misp,https://urlhaus.abuse.ch/downloads/misp/39e714ec-dcbf-4133-9711-dd4d82c65009.json,39e714ec-dcbf-4133-9711-dd4d82c65009,json,635,2,2026-05-14T00:15:26
2026-05-14T02:38:35.142834,Alienvault-IP-Reputation,csv,https://reputation.alienvault.com/reputation.generic,,csv,609,,
2026-05-15T02:38:45.415904,Alienvault-IP-Reputation,csv,https://reputation.alienvault.com/reputation.generic,,csv,609,,
2026-05-15T02:38:45.517562,IPsum-l4,text,https://raw.githubusercontent.com/stamparm/ipsum/master/levels/4.txt,,text,8691,,
2026-05-15T02:38:45.537364,IPsum-l5,text,https://raw.githubusercontent.com/stamparm/ipsum/master/levels/5.txt,,text,3054,,
2026-05-15T02:38:46.602828,mining-pool-block-list,csv,https://raw.githubusercontent.com/vuln000/mining-pool-block-list/refs/heads/main/mining_pools.csv,,csv,5583,,
2026-05-15T02:38:48.521541,abuse.ch-SSL,csv,https://sslbl.abuse.ch/blacklist/sslblacklist.csv,,csv,9693,,
2026-05-15T02:38:48.575945,abuse.ch-URLhasus,misp,https://urlhaus.abuse.ch/downloads/misp/634e3ea6-4747-4c9f-a395-ed67f64fe448.json,634e3ea6-4747-4c9f-a395-ed67f64fe448,json,973,2,2026-05-15T00:15:27
2026-05-15T02:38:49.780286,abuse.ch,misp,https://threatfox.abuse.ch/downloads/misp/afb4074d-feb7-400e-9904-c9dfcd631c14.json,afb4074d-feb7-400e-9904-c9dfcd631c14,json,572,2,2026-05-15T00:03:08
2026-05-15T02:38:49.831180,abuse.ch-Bazaar,misp,https://bazaar.abuse.ch/downloads/misp//e1e5005d-2320-4a94-b2ea-4ad4c037918f.json,e1e5005d-2320-4a94-b2ea-4ad4c037918f,json,1424,2,2026-05-15T00:03:02
2026-05-16T02:28:44.652812,IPsum-l5,text,https://raw.githubusercontent.com/stamparm/ipsum/master/levels/5.txt,,text,3062,,
2026-05-16T02:28:44.772833,IPsum-l4,text,https://raw.githubusercontent.com/stamparm/ipsum/master/levels/4.txt,,text,8904,,
2026-05-16T02:28:45.381134,mining-pool-block-list,csv,https://raw.githubusercontent.com/vuln000/mining-pool-block-list/refs/heads/main/mining_pools.csv,,csv,5588,,
2026-05-16T02:28:45.492733,Alienvault-IP-Reputation,csv,https://reputation.alienvault.com/reputation.generic,,csv,609,,
2026-05-16T02:28:46.673270,abuse.ch-SSL,csv,https://sslbl.abuse.ch/blacklist/sslblacklist.csv,,csv,9697,,
2026-05-16T02:28:46.690274,abuse.ch,misp,https://threatfox.abuse.ch/downloads/misp/73b065c3-0c09-483e-8646-94f4cf935599.json,73b065c3-0c09-483e-8646-94f4cf935599,json,448,2,2026-05-16T00:03:07
2026-05-16T02:28:46.702280,abuse.ch-URLhasus,misp,https://urlhaus.abuse.ch/downloads/misp/2af11798-2412-4b6d-ae79-86d9688b44d8.json,2af11798-2412-4b6d-ae79-86d9688b44d8,json,703,2,2026-05-16T00:15:30
2026-05-16T02:28:46.808628,abuse.ch-Bazaar,misp,https://bazaar.abuse.ch/downloads/misp//f28f8dcf-6e74-48b6-8b85-507e8ac4a496.json,f28f8dcf-6e74-48b6-8b85-507e8ac4a496,json,1052,2,2026-05-16T00:03:02
2026-05-16T02:28:49.051683,CIRCL OSINT Feed,misp,https://www.circl.lu/doc/misp/feed-osint//a56de1cb-027a-4b49-be18-e0cff3ba8118.json,a56de1cb-027a-4b49-be18-e0cff3ba8118,json,1882,2,2026-05-15T20:00:09
2026-05-17T02:36:03.075631,IPsum-l5,text,https://raw.githubusercontent.com/stamparm/ipsum/master/levels/5.txt,,text,4259,,
2026-05-17T02:36:03.185360,IPsum-l4,text,https://raw.githubusercontent.com/stamparm/ipsum/master/levels/4.txt,,text,9591,,
2026-05-17T02:36:04.246438,mining-pool-block-list,csv,https://raw.githubusercontent.com/vuln000/mining-pool-block-list/refs/heads/main/mining_pools.csv,,csv,5593,,
2026-05-17T02:36:04.313985,Alienvault-IP-Reputation,csv,https://reputation.alienvault.com/reputation.generic,,csv,609,,
2026-05-17T02:36:04.360003,abuse.ch-Bazaar,misp,https://bazaar.abuse.ch/downloads/misp//eb09a38b-18de-4014-b093-5774c010c71f.json,eb09a38b-18de-4014-b093-5774c010c71f,json,1496,2,2026-05-17T00:03:01
2026-05-17T02:36:07.558777,abuse.ch-SSL,csv,https://sslbl.abuse.ch/blacklist/sslblacklist.csv,,csv,9697,,
2026-05-17T02:36:07.584688,abuse.ch-URLhasus,misp,https://urlhaus.abuse.ch/downloads/misp/e5fb9742-f29e-47b7-a307-3497e19d8467.json,e5fb9742-f29e-47b7-a307-3497e19d8467,json,1135,2,2026-05-17T00:15:27
2026-05-17T02:36:07.586639,abuse.ch,misp,https://threatfox.abuse.ch/downloads/misp/6d390bd4-9c4c-4664-9a1c-ddbd77ffba81.json,6d390bd4-9c4c-4664-9a1c-ddbd77ffba81,json,115,2,2026-05-17T00:03:07
2026-05-17T02:36:08.399603,CIRCL OSINT Feed,misp,https://www.circl.lu/doc/misp/feed-osint//c54b54f3-6385-4bba-8199-572afe1202a8.json,c54b54f3-6385-4bba-8199-572afe1202a8,json,6,2,2026-05-16T08:00:05
2026-05-18T02:46:27.809473,IPsum-l5,text,https://raw.githubusercontent.com/stamparm/ipsum/master/levels/5.txt,,text,4646,,
2026-05-18T02:46:27.892655,IPsum-l4,text,https://raw.githubusercontent.com/stamparm/ipsum/master/levels/4.txt,,text,10119,,
2026-05-18T02:46:27.963038,Alienvault-IP-Reputation,csv,https://reputation.alienvault.com/reputation.generic,,csv,609,,
2026-05-18T02:46:28.785962,mining-pool-block-list,csv,https://raw.githubusercontent.com/vuln000/mining-pool-block-list/refs/heads/main/mining_pools.csv,,csv,5586,,
2026-05-18T02:46:30.262087,abuse.ch-SSL,csv,https://sslbl.abuse.ch/blacklist/sslblacklist.csv,,csv,9699,,
2026-05-18T02:46:30.320374,abuse.ch-Bazaar,misp,https://bazaar.abuse.ch/downloads/misp//1f9ae431-caae-483a-a35e-4cba1c4924e0.json,1f9ae431-caae-483a-a35e-4cba1c4924e0,json,1144,2,2026-05-18T00:03:01
2026-05-18T02:46:30.516257,abuse.ch,misp,https://threatfox.abuse.ch/downloads/misp/c04a423e-9796-4a3b-9062-e462891c3595.json,c04a423e-9796-4a3b-9062-e462891c3595,json,479,2,2026-05-18T00:03:08
2026-05-18T02:46:30.537331,abuse.ch-URLhasus,misp,https://urlhaus.abuse.ch/downloads/misp/d73d6fe3-875e-4f8c-838e-4105be714f0a.json,d73d6fe3-875e-4f8c-838e-4105be714f0a,json,1087,2,2026-05-18T00:15:23
2026-05-18T02:46:33.287456,CIRCL OSINT Feed,misp,https://www.circl.lu/doc/misp/feed-osint//6b353c07-62b4-4e43-8c4b-44bf0e52f2fe.json,6b353c07-62b4-4e43-8c4b-44bf0e52f2fe,json,203,2,2026-05-17T19:00:06
2026-05-19T02:43:32.409806,IPsum-l4,text,https://raw.githubusercontent.com/stamparm/ipsum/master/levels/4.txt,,text,10214,,
2026-05-19T02:43:32.435280,IPsum-l5,text,https://raw.githubusercontent.com/stamparm/ipsum/master/levels/5.txt,,text,4789,,
2026-05-19T02:43:33.506968,mining-pool-block-list,csv,https://raw.githubusercontent.com/vuln000/mining-pool-block-list/refs/heads/main/mining_pools.csv,,csv,5587,,
2026-05-19T02:43:33.603648,Alienvault-IP-Reputation,csv,https://reputation.alienvault.com/reputation.generic,,csv,609,,
2026-05-19T02:43:33.683077,abuse.ch-Bazaar,misp,https://bazaar.abuse.ch/downloads/misp//cb3bed46-3fc0-40ad-a719-d66bf3b23d00.json,cb3bed46-3fc0-40ad-a719-d66bf3b23d00,json,1328,2,2026-05-19T00:03:01
2026-05-19T02:43:33.745953,abuse.ch,misp,https://threatfox.abuse.ch/downloads/misp/3baca8bc-8301-4bfd-945f-2d4a6d3ebcf3.json,3baca8bc-8301-4bfd-945f-2d4a6d3ebcf3,json,378,2,2026-05-19T00:03:07
2026-05-19T02:43:35.204604,abuse.ch-URLhasus,misp,https://urlhaus.abuse.ch/downloads/misp/92a1d973-055c-4bb2-9034-7c4a446e9d1a.json,92a1d973-055c-4bb2-9034-7c4a446e9d1a,json,1037,2,2026-05-19T00:15:29
2026-05-19T02:43:37.095933,abuse.ch-SSL,csv,https://sslbl.abuse.ch/blacklist/sslblacklist.csv,,csv,9721,,
2026-05-19T02:43:38.187542,CIRCL OSINT Feed,misp,https://www.circl.lu/doc/misp/feed-osint//50844ee8-3e79-4e60-a7c4-a98f68856e9b.json,50844ee8-3e79-4e60-a7c4-a98f68856e9b,json,2532,2,2026-05-18T15:04:47
2026-05-20T02:44:21.306276,IPsum-l5,text,https://raw.githubusercontent.com/stamparm/ipsum/master/levels/5.txt,,text,4637,,
2026-05-20T02:44:21.346487,IPsum-l4,text,https://raw.githubusercontent.com/stamparm/ipsum/master/levels/4.txt,,text,9780,,
2026-05-20T02:44:22.412252,mining-pool-block-list,csv,https://raw.githubusercontent.com/vuln000/mining-pool-block-list/refs/heads/main/mining_pools.csv,,csv,5596,,
2026-05-20T02:44:22.491204,abuse.ch-Bazaar,misp,https://bazaar.abuse.ch/downloads/misp//e27b8a41-9c6a-4d74-a9e6-593a572713ad.json,e27b8a41-9c6a-4d74-a9e6-593a572713ad,json,1424,2,2026-05-20T00:03:01
2026-05-20T02:44:24.396283,abuse.ch-SSL,csv,https://sslbl.abuse.ch/blacklist/sslblacklist.csv,,csv,9723,,
2026-05-20T02:44:24.434002,Alienvault-IP-Reputation,csv,https://reputation.alienvault.com/reputation.generic,,csv,609,,
2026-05-20T02:44:24.443970,abuse.ch,misp,https://threatfox.abuse.ch/downloads/misp/6f8280e5-a6d3-4d8d-8651-a2bd6dd19058.json,6f8280e5-a6d3-4d8d-8651-a2bd6dd19058,json,294,2,2026-05-20T00:03:06
2026-05-20T02:44:24.459192,abuse.ch-URLhasus,misp,https://urlhaus.abuse.ch/downloads/misp/16374e32-8450-4bf4-b8e8-b7135ab24c99.json,16374e32-8450-4bf4-b8e8-b7135ab24c99,json,774,2,2026-05-20T00:15:28
2026-05-20T02:44:27.303208,CIRCL OSINT Feed,misp,https://www.circl.lu/doc/misp/feed-osint//d86076f8-7b9d-45eb-ad26-5f6f64282a9b.json,d86076f8-7b9d-45eb-ad26-5f6f64282a9b,json,579,2,2026-05-19T22:00:07
2026-05-21T02:47:09.990845,IPsum-l5,text,https://raw.githubusercontent.com/stamparm/ipsum/master/levels/5.txt,,text,2425,,
2026-05-21T02:47:10.087688,Alienvault-IP-Reputation,csv,https://reputation.alienvault.com/reputation.generic,,csv,609,,
2026-05-21T02:47:10.132199,IPsum-l4,text,https://raw.githubusercontent.com/stamparm/ipsum/master/levels/4.txt,,text,9723,,
2026-05-21T02:47:11.192935,mining-pool-block-list,csv,https://raw.githubusercontent.com/vuln000/mining-pool-block-list/refs/heads/main/mining_pools.csv,,csv,5603,,
2026-05-21T02:47:11.468302,abuse.ch-Bazaar,misp,https://bazaar.abuse.ch/downloads/misp//40bc5a3b-9498-43de-ad42-abe3fce6cb97.json,40bc5a3b-9498-43de-ad42-abe3fce6cb97,json,8688,2,2026-05-21T00:03:02
2026-05-21T02:47:11.482899,abuse.ch,misp,https://threatfox.abuse.ch/downloads/misp/46683f0f-b327-4746-bcb6-2db192030dc6.json,46683f0f-b327-4746-bcb6-2db192030dc6,json,303,2,2026-05-21T00:03:08
2026-05-21T02:47:11.510132,abuse.ch-URLhasus,misp,https://urlhaus.abuse.ch/downloads/misp/75fe3634-cfc2-458f-951a-34cd5b20ac89.json,75fe3634-cfc2-458f-951a-34cd5b20ac89,json,1236,2,2026-05-21T00:15:28
2026-05-21T02:47:13.888948,abuse.ch-SSL,csv,https://sslbl.abuse.ch/blacklist/sslblacklist.csv,,csv,9724,,
2026-05-21T02:47:21.975623,CIRCL OSINT Feed,misp,https://www.circl.lu/doc/misp/feed-osint//10c39115-7be2-45d1-884f-8125733c1b92.json,10c39115-7be2-45d1-884f-8125733c1b92,json,221,2,2026-05-20T22:00:08
2026-05-22T02:47:34.704955,IPsum-l4,text,https://raw.githubusercontent.com/stamparm/ipsum/master/levels/4.txt,,text,10916,,
2026-05-22T02:47:34.725752,IPsum-l5,text,https://raw.githubusercontent.com/stamparm/ipsum/master/levels/5.txt,,text,4584,,
2026-05-22T02:47:35.507759,mining-pool-block-list,csv,https://raw.githubusercontent.com/vuln000/mining-pool-block-list/refs/heads/main/mining_pools.csv,,csv,5611,,
2026-05-22T02:47:35.596258,Alienvault-IP-Reputation,csv,https://reputation.alienvault.com/reputation.generic,,csv,609,,
2026-05-22T02:47:37.020532,abuse.ch-SSL,csv,https://sslbl.abuse.ch/blacklist/sslblacklist.csv,,csv,9741,,
2026-05-22T02:47:37.056081,abuse.ch-URLhasus,misp,https://urlhaus.abuse.ch/downloads/misp/f2a51d3f-6fa1-487f-bb20-c6daa857ea46.json,f2a51d3f-6fa1-487f-bb20-c6daa857ea46,json,563,2,2026-05-22T00:15:24
2026-05-22T02:47:37.278486,abuse.ch-Bazaar,misp,https://bazaar.abuse.ch/downloads/misp//d037f324-6ffd-4ec6-8c90-d50e3febe375.json,d037f324-6ffd-4ec6-8c90-d50e3febe375,json,5824,2,2026-05-22T00:03:02
2026-05-22T02:47:37.288294,abuse.ch,misp,https://threatfox.abuse.ch/downloads/misp/65c496d3-57f0-4e5f-baf1-271934a6d17d.json,65c496d3-57f0-4e5f-baf1-271934a6d17d,json,299,2,2026-05-22T00:03:07
2026-05-22T02:47:42.460242,CIRCL OSINT Feed,misp,https://www.circl.lu/doc/misp/feed-osint//f448167c-10a0-4757-b348-873d680bfdf9.json,f448167c-10a0-4757-b348-873d680bfdf9,json,758,2,2026-05-21T18:00:04
2026-05-23T02:32:51.675797,Alienvault-IP-Reputation,csv,https://reputation.alienvault.com/reputation.generic,,csv,609,,
2026-05-23T02:32:51.694902,IPsum-l5,text,https://raw.githubusercontent.com/stamparm/ipsum/master/levels/5.txt,,text,3815,,
2026-05-23T02:32:51.795392,IPsum-l4,text,https://raw.githubusercontent.com/stamparm/ipsum/master/levels/4.txt,,text,10033,,
2026-05-23T02:32:52.880984,mining-pool-block-list,csv,https://raw.githubusercontent.com/vuln000/mining-pool-block-list/refs/heads/main/mining_pools.csv,,csv,5620,,
2026-05-23T02:32:54.796454,abuse.ch-SSL,csv,https://sslbl.abuse.ch/blacklist/sslblacklist.csv,,csv,9742,,
2026-05-23T02:32:54.817992,abuse.ch,misp,https://threatfox.abuse.ch/downloads/misp/a2abe635-de24-4c15-a57c-5236072a28d8.json,a2abe635-de24-4c15-a57c-5236072a28d8,json,342,2,2026-05-23T00:03:08
2026-05-23T02:32:54.834860,abuse.ch-URLhasus,misp,https://urlhaus.abuse.ch/downloads/misp/cf97b993-2716-4eaf-b3bc-87ae9b2a893d.json,cf97b993-2716-4eaf-b3bc-87ae9b2a893d,json,634,2,2026-05-23T00:15:26
2026-05-23T02:32:56.604256,abuse.ch-Bazaar,misp,https://bazaar.abuse.ch/downloads/misp//7cd1b343-e398-4825-82f8-da064cee6c21.json,7cd1b343-e398-4825-82f8-da064cee6c21,json,1472,2,2026-05-23T00:03:02
2026-05-23T02:32:59.759588,CIRCL OSINT Feed,misp,https://www.circl.lu/doc/misp/feed-osint//f90aad37-a87e-430c-a410-3dca0a5a9dd4.json,f90aad37-a87e-430c-a410-3dca0a5a9dd4,json,1045,2,2026-05-22T22:00:19
2026-05-24T02:43:44.713924,IPsum-l4,text,https://raw.githubusercontent.com/stamparm/ipsum/master/levels/4.txt,,text,8711,,
2026-05-24T02:43:44.730417,IPsum-l5,text,https://raw.githubusercontent.com/stamparm/ipsum/master/levels/5.txt,,text,2598,,
2026-05-24T02:43:44.879124,Alienvault-IP-Reputation,csv,https://reputation.alienvault.com/reputation.generic,,csv,609,,
2026-05-24T02:43:45.937664,mining-pool-block-list,csv,https://raw.githubusercontent.com/vuln000/mining-pool-block-list/refs/heads/main/mining_pools.csv,,csv,5626,,
2026-05-24T02:43:45.972728,abuse.ch-URLhasus,misp,https://urlhaus.abuse.ch/downloads/misp/1209f4c8-7985-4733-8a9b-451ad66fdb38.json,1209f4c8-7985-4733-8a9b-451ad66fdb38,json,610,2,2026-05-24T00:15:26
2026-05-24T02:43:46.021107,abuse.ch-Bazaar,misp,https://bazaar.abuse.ch/downloads/misp//5d01daad-7aae-4f1d-a159-729430edc576.json,5d01daad-7aae-4f1d-a159-729430edc576,json,1076,2,2026-05-24T00:03:02
2026-05-24T02:43:47.902090,abuse.ch-SSL,csv,https://sslbl.abuse.ch/blacklist/sslblacklist.csv,,csv,9742,,
2026-05-24T02:43:47.977092,abuse.ch,misp,https://threatfox.abuse.ch/downloads/misp/cec67dd2-6a07-40fa-9702-3f541e743d2c.json,cec67dd2-6a07-40fa-9702-3f541e743d2c,json,340,2,2026-05-24T00:03:07
2026-05-24T02:43:51.571057,CIRCL OSINT Feed,misp,https://www.circl.lu/doc/misp/feed-osint//c124c2a5-e3d7-4edf-bb8f-3de9bc35834a.json,c124c2a5-e3d7-4edf-bb8f-3de9bc35834a,json,1075,2,2026-05-23T18:00:45
2026-05-25T02:52:37.943388,IPsum-l5,text,https://raw.githubusercontent.com/stamparm/ipsum/master/levels/5.txt,,text,2716,,
2026-05-25T02:52:39.098727,mining-pool-block-list,csv,https://raw.githubusercontent.com/vuln000/mining-pool-block-list/refs/heads/main/mining_pools.csv,,csv,5622,,
2026-05-25T02:52:39.157777,Alienvault-IP-Reputation,csv,https://reputation.alienvault.com/reputation.generic,,csv,609,,
2026-05-25T02:52:39.395310,abuse.ch-URLhasus,misp,https://urlhaus.abuse.ch/downloads/misp/39a0a1e5-4666-41f9-9f0e-41b0237c53f5.json,39a0a1e5-4666-41f9-9f0e-41b0237c53f5,json,635,2,2026-05-25T00:15:23
2026-05-25T02:52:39.420979,abuse.ch-Bazaar,misp,https://bazaar.abuse.ch/downloads/misp//cba1604f-0467-47ab-9f29-aac38206e3b3.json,cba1604f-0467-47ab-9f29-aac38206e3b3,json,1148,2,2026-05-25T00:03:01
2026-05-25T02:52:41.276370,abuse.ch-SSL,csv,https://sslbl.abuse.ch/blacklist/sslblacklist.csv,,csv,9768,,
2026-05-25T02:52:41.293626,abuse.ch,misp,https://threatfox.abuse.ch/downloads/misp/fdd53325-ea3f-4a3f-b549-508b3350751f.json,fdd53325-ea3f-4a3f-b549-508b3350751f,json,280,2,2026-05-25T00:03:08
2026-05-25T02:52:41.372265,IPsum-l4,text,https://raw.githubusercontent.com/stamparm/ipsum/master/levels/4.txt,,text,8536,,
2026-05-25T02:52:44.340526,CIRCL OSINT Feed,misp,https://www.circl.lu/doc/misp/feed-osint//7855419c-51d9-4583-acd9-a6aa8e30d61e.json,7855419c-51d9-4583-acd9-a6aa8e30d61e,json,26,2,2026-05-24T18:00:06
2026-05-26T02:40:24.538075,IPsum-l4,text,https://raw.githubusercontent.com/stamparm/ipsum/master/levels/4.txt,,text,8953,,
2026-05-26T02:40:24.563484,IPsum-l5,text,https://raw.githubusercontent.com/stamparm/ipsum/master/levels/5.txt,,text,3812,,
2026-05-26T02:40:25.320125,mining-pool-block-list,csv,https://raw.githubusercontent.com/vuln000/mining-pool-block-list/refs/heads/main/mining_pools.csv,,csv,5624,,
2026-05-26T02:40:25.358459,Alienvault-IP-Reputation,csv,https://reputation.alienvault.com/reputation.generic,,csv,609,,
2026-05-26T02:40:26.772053,abuse.ch-SSL,csv,https://sslbl.abuse.ch/blacklist/sslblacklist.csv,,csv,9768,,
2026-05-26T02:40:26.897826,abuse.ch,misp,https://threatfox.abuse.ch/downloads/misp/122768a7-62ab-46a2-a47e-b0c5bd171858.json,122768a7-62ab-46a2-a47e-b0c5bd171858,json,335,2,2026-05-26T00:03:09
2026-05-26T02:40:26.973529,abuse.ch-URLhasus,misp,https://urlhaus.abuse.ch/downloads/misp/bda666ec-bb20-4c2a-8919-04a0f8bf6fc4.json,bda666ec-bb20-4c2a-8919-04a0f8bf6fc4,json,684,2,2026-05-26T00:15:21
2026-05-26T02:40:27.083831,abuse.ch-Bazaar,misp,https://bazaar.abuse.ch/downloads/misp//d39de490-f3ba-4182-9389-ffcb938a5fa6.json,d39de490-f3ba-4182-9389-ffcb938a5fa6,json,1096,2,2026-05-26T00:03:02
2026-05-27T02:51:15.248939,IPsum-l4,text,https://raw.githubusercontent.com/stamparm/ipsum/master/levels/4.txt,,text,9082,,
2026-05-27T02:51:15.307000,IPsum-l5,text,https://raw.githubusercontent.com/stamparm/ipsum/master/levels/5.txt,,text,4217,,
2026-05-27T02:51:15.353528,abuse.ch-Bazaar,misp,https://bazaar.abuse.ch/downloads/misp//63c29e5c-e287-4b67-ac9f-8ae9cde51d96.json,63c29e5c-e287-4b67-ac9f-8ae9cde51d96,json,1568,2,2026-05-27T00:03:01
2026-05-27T02:51:15.383105,Alienvault-IP-Reputation,csv,https://reputation.alienvault.com/reputation.generic,,csv,609,,
2026-05-27T02:51:16.757579,abuse.ch-SSL,csv,https://sslbl.abuse.ch/blacklist/sslblacklist.csv,,csv,9798,,
2026-05-27T02:51:17.525578,mining-pool-block-list,csv,https://raw.githubusercontent.com/vuln000/mining-pool-block-list/refs/heads/main/mining_pools.csv,,csv,5627,,
2026-05-27T02:51:17.671245,abuse.ch-URLhasus,misp,https://urlhaus.abuse.ch/downloads/misp/56825517-924d-4cf0-9744-2b01eef72741.json,56825517-924d-4cf0-9744-2b01eef72741,json,716,2,2026-05-27T00:15:22
2026-05-27T02:51:19.717299,CIRCL OSINT Feed,misp,https://www.circl.lu/doc/misp/feed-osint//ee072c55-80ac-4de0-a589-d9f179a82efd.json,ee072c55-80ac-4de0-a589-d9f179a82efd,json,978,2,2026-05-25T20:01:14
2026-05-27T02:51:20.648825,CIRCL OSINT Feed,misp,https://www.circl.lu/doc/misp/feed-osint//7fd6bbec-320e-48c5-b09d-79519e533f11.json,7fd6bbec-320e-48c5-b09d-79519e533f11,json,563,2,2026-05-26T21:00:09
2026-05-28T02:38:44.471227,IPsum-l5,text,https://raw.githubusercontent.com/stamparm/ipsum/master/levels/5.txt,,text,4401,,
2026-05-28T02:38:44.549585,IPsum-l4,text,https://raw.githubusercontent.com/stamparm/ipsum/master/levels/4.txt,,text,9780,,
2026-05-28T02:38:45.402849,mining-pool-block-list,csv,https://raw.githubusercontent.com/vuln000/mining-pool-block-list/refs/heads/main/mining_pools.csv,,csv,5635,,
2026-05-28T02:38:45.448439,abuse.ch-Bazaar,misp,https://bazaar.abuse.ch/downloads/misp//2ef828b7-bce3-44e1-a293-94ab06dedd84.json,2ef828b7-bce3-44e1-a293-94ab06dedd84,json,1728,2,2026-05-28T00:03:02
2026-05-28T02:38:45.480432,Alienvault-IP-Reputation,csv,https://reputation.alienvault.com/reputation.generic,,csv,609,,
2026-05-28T02:38:46.970386,abuse.ch-SSL,csv,https://sslbl.abuse.ch/blacklist/sslblacklist.csv,,csv,9801,,
2026-05-28T02:38:47.160183,abuse.ch,misp,https://threatfox.abuse.ch/downloads/misp/66d1da83-f1d8-4eb1-99ba-14e02393c949.json,66d1da83-f1d8-4eb1-99ba-14e02393c949,json,328,2,2026-05-28T00:03:07
2026-05-28T02:38:47.187635,abuse.ch-URLhasus,misp,https://urlhaus.abuse.ch/downloads/misp/7f367b01-0e6d-45db-ab24-ea4a71a8ab70.json,7f367b01-0e6d-45db-ab24-ea4a71a8ab70,json,905,2,2026-05-28T00:15:20
2026-05-28T02:38:50.014594,CIRCL OSINT Feed,misp,https://www.circl.lu/doc/misp/feed-osint//9a4ef3c0-d447-4f61-b72c-46d3acbbb1d2.json,9a4ef3c0-d447-4f61-b72c-46d3acbbb1d2,json,188,2,2026-05-27T18:00:05
2026-05-29T02:41:56.469583,IPsum-l4,text,https://raw.githubusercontent.com/stamparm/ipsum/master/levels/4.txt,,text,9272,,
2026-05-29T02:41:56.493879,IPsum-l5,text,https://raw.githubusercontent.com/stamparm/ipsum/master/levels/5.txt,,text,3861,,
2026-05-29T02:41:57.263146,mining-pool-block-list,csv,https://raw.githubusercontent.com/vuln000/mining-pool-block-list/refs/heads/main/mining_pools.csv,,csv,5632,,
2026-05-29T02:41:57.570988,Alienvault-IP-Reputation,csv,https://reputation.alienvault.com/reputation.generic,,csv,609,,
2026-05-29T02:41:57.709546,abuse.ch-URLhasus,misp,https://urlhaus.abuse.ch/downloads/misp/2af587a8-5a48-441c-9402-25ebbba27ce5.json,2af587a8-5a48-441c-9402-25ebbba27ce5,json,993,2,2026-05-29T00:15:21
2026-05-29T02:41:57.804345,abuse.ch-Bazaar,misp,https://bazaar.abuse.ch/downloads/misp//3378e23b-937c-43a4-8583-6a65ea88fb1c.json,3378e23b-937c-43a4-8583-6a65ea88fb1c,json,2536,2,2026-05-29T00:03:02
2026-05-29T02:41:59.261450,abuse.ch-SSL,csv,https://sslbl.abuse.ch/blacklist/sslblacklist.csv,,csv,9819,,
2026-05-29T02:41:59.272392,abuse.ch,misp,https://threatfox.abuse.ch/downloads/misp/ded39d7e-944a-410f-b632-bf0abb3274cf.json,ded39d7e-944a-410f-b632-bf0abb3274cf,json,350,2,2026-05-29T00:03:07
2026-05-29T02:42:02.857294,CIRCL OSINT Feed,misp,https://www.circl.lu/doc/misp/feed-osint//92b12a00-26ca-4092-a480-fece3ad6f9d5.json,92b12a00-26ca-4092-a480-fece3ad6f9d5,json,501,2,2026-05-28T21:00:27
2026-05-30T02:36:26.568160,IPsum-l5,text,https://raw.githubusercontent.com/stamparm/ipsum/master/levels/5.txt,,text,3413,,
2026-05-30T02:36:26.662389,IPsum-l4,text,https://raw.githubusercontent.com/stamparm/ipsum/master/levels/4.txt,,text,8534,,
2026-05-30T02:36:26.798817,Alienvault-IP-Reputation,csv,https://reputation.alienvault.com/reputation.generic,,csv,609,,
2026-05-30T02:36:27.605973,mining-pool-block-list,csv,https://raw.githubusercontent.com/vuln000/mining-pool-block-list/refs/heads/main/mining_pools.csv,,csv,5626,,
2026-05-30T02:36:28.992885,abuse.ch-SSL,csv,https://sslbl.abuse.ch/blacklist/sslblacklist.csv,,csv,9820,,
2026-05-30T02:36:29.048461,abuse.ch-Bazaar,misp,https://bazaar.abuse.ch/downloads/misp//9cab784e-5d98-4a5e-b3d3-77c1e4d46a8e.json,9cab784e-5d98-4a5e-b3d3-77c1e4d46a8e,json,1660,2,2026-05-30T00:03:01
2026-05-30T02:36:29.191970,abuse.ch,misp,https://threatfox.abuse.ch/downloads/misp/d81eaf0e-6e8f-4976-aeb4-40e937d12ad7.json,d81eaf0e-6e8f-4976-aeb4-40e937d12ad7,json,312,2,2026-05-30T00:03:09
2026-05-30T02:36:29.230892,abuse.ch-URLhasus,misp,https://urlhaus.abuse.ch/downloads/misp/31faf7c1-f469-4b8f-bf4e-5e65037406d4.json,31faf7c1-f469-4b8f-bf4e-5e65037406d4,json,925,2,2026-05-30T00:15:22
2026-05-30T02:36:31.860384,CIRCL OSINT Feed,misp,https://www.circl.lu/doc/misp/feed-osint//a03acbf1-881f-4cb3-884b-360fa93e141e.json,a03acbf1-881f-4cb3-884b-360fa93e141e,json,69,2,2026-05-29T21:00:08
2026-05-31T02:53:01.523862,IPsum-l5,text,https://raw.githubusercontent.com/stamparm/ipsum/master/levels/5.txt,,text,3648,,
2026-05-31T02:53:01.576469,IPsum-l4,text,https://raw.githubusercontent.com/stamparm/ipsum/master/levels/4.txt,,text,8787,,
2026-05-31T02:53:02.173562,mining-pool-block-list,csv,https://raw.githubusercontent.com/vuln000/mining-pool-block-list/refs/heads/main/mining_pools.csv,,csv,5650,,
2026-05-31T02:53:02.194864,Alienvault-IP-Reputation,csv,https://reputation.alienvault.com/reputation.generic,,csv,609,,
2026-05-31T02:53:02.244269,abuse.ch-Bazaar,misp,https://bazaar.abuse.ch/downloads/misp//ee4404ac-1726-40e7-ac3e-c4d9b45f609f.json,ee4404ac-1726-40e7-ac3e-c4d9b45f609f,json,1076,2,2026-05-31T00:03:02
2026-05-31T02:53:03.323555,abuse.ch-SSL,csv,https://sslbl.abuse.ch/blacklist/sslblacklist.csv,,csv,9820,,
2026-05-31T02:53:03.331865,abuse.ch,misp,https://threatfox.abuse.ch/downloads/misp/c1159904-9db1-41ad-bbdb-feac786138c0.json,c1159904-9db1-41ad-bbdb-feac786138c0,json,219,2,2026-05-31T00:03:10
2026-05-31T02:53:03.402686,abuse.ch-URLhasus,misp,https://urlhaus.abuse.ch/downloads/misp/6f03c8ab-f7e6-40f4-9f2a-99abc94287ff.json,6f03c8ab-f7e6-40f4-9f2a-99abc94287ff,json,850,2,2026-05-31T00:15:22
2026-05-31T02:53:07.791457,CIRCL OSINT Feed,misp,https://www.circl.lu/doc/misp/feed-osint//73a87b4e-9bc9-48c2-bf1d-bca9bc5827fc.json,73a87b4e-9bc9-48c2-bf1d-bca9bc5827fc,json,183,2,2026-05-30T17:00:03
2026-06-01T03:29:13.642587,Alienvault-IP-Reputation,csv,https://reputation.alienvault.com/reputation.generic,,csv,609,,
2026-06-01T03:29:13.682864,IPsum-l5,text,https://raw.githubusercontent.com/stamparm/ipsum/master/levels/5.txt,,text,3598,,
2026-06-01T03:29:13.774387,IPsum-l4,text,https://raw.githubusercontent.com/stamparm/ipsum/master/levels/4.txt,,text,9018,,
2026-06-01T03:29:14.859039,mining-pool-block-list,csv,https://raw.githubusercontent.com/vuln000/mining-pool-block-list/refs/heads/main/mining_pools.csv,,csv,5643,,
2026-06-01T03:29:16.976910,abuse.ch-SSL,csv,https://sslbl.abuse.ch/blacklist/sslblacklist.csv,,csv,9829,,
2026-06-01T03:29:17.146956,abuse.ch,misp,https://threatfox.abuse.ch/downloads/misp/e1e2fcc7-531a-4267-9f21-5eb59086d848.json,e1e2fcc7-531a-4267-9f21-5eb59086d848,json,215,2,2026-06-01T00:03:08
2026-06-01T03:29:17.196790,abuse.ch-Bazaar,misp,https://bazaar.abuse.ch/downloads/misp//26d4949a-c464-4eec-95ab-f0fb197d636b.json,26d4949a-c464-4eec-95ab-f0fb197d636b,json,1272,2,2026-06-01T00:03:01
2026-06-01T03:29:20.396511,abuse.ch-URLhasus,misp,https://urlhaus.abuse.ch/downloads/misp/46fe441a-a3ec-484c-b698-918c452d3eb4.json,46fe441a-a3ec-484c-b698-918c452d3eb4,json,981,2,2026-06-01T00:15:20
2026-06-01T03:29:20.883925,CIRCL OSINT Feed,misp,https://www.circl.lu/doc/misp/feed-osint//48f67453-ca57-4770-8c63-dc82595f3e0e.json,48f67453-ca57-4770-8c63-dc82595f3e0e,json,1082,2,2026-05-31T20:00:22
2026-06-02T02:58:42.326173,Alienvault-IP-Reputation,csv,https://reputation.alienvault.com/reputation.generic,,csv,609,,
2026-06-02T02:58:42.399264,IPsum-l4,text,https://raw.githubusercontent.com/stamparm/ipsum/master/levels/4.txt,,text,7675,,
2026-06-02T02:58:42.421703,IPsum-l5,text,https://raw.githubusercontent.com/stamparm/ipsum/master/levels/5.txt,,text,3589,,
2026-06-02T02:58:43.466487,mining-pool-block-list,csv,https://raw.githubusercontent.com/vuln000/mining-pool-block-list/refs/heads/main/mining_pools.csv,,csv,5655,,
2026-06-02T02:58:43.776308,abuse.ch-Bazaar,misp,https://bazaar.abuse.ch/downloads/misp//4763081c-be61-4628-a63e-7e3926e29f3f.json,4763081c-be61-4628-a63e-7e3926e29f3f,json,1516,2,2026-06-02T00:03:02
2026-06-02T02:58:43.816669,abuse.ch-URLhasus,misp,https://urlhaus.abuse.ch/downloads/misp/9188379b-9988-4bcd-a56c-d5b2a4015f8c.json,9188379b-9988-4bcd-a56c-d5b2a4015f8c,json,1043,2,2026-06-02T00:15:24
2026-06-02T02:58:47.521914,abuse.ch-SSL,csv,https://sslbl.abuse.ch/blacklist/sslblacklist.csv,,csv,9830,,
2026-06-02T02:58:47.531063,abuse.ch,misp,https://threatfox.abuse.ch/downloads/misp/59e806ba-7cd2-4c24-98eb-3fa581ad2fe7.json,59e806ba-7cd2-4c24-98eb-3fa581ad2fe7,json,337,2,2026-06-02T00:03:08
2026-06-02T02:58:48.609768,CIRCL OSINT Feed,misp,https://www.circl.lu/doc/misp/feed-osint//e23472df-ca0e-42e3-a1d8-903fef202593.json,e23472df-ca0e-42e3-a1d8-903fef202593,json,579,2,2026-06-01T20:00:11
2026-06-03T03:33:53.546447,IPsum-l5,text,https://raw.githubusercontent.com/stamparm/ipsum/master/levels/5.txt,,text,3571,,
2026-06-03T03:33:53.624630,IPsum-l4,text,https://raw.githubusercontent.com/stamparm/ipsum/master/levels/4.txt,,text,7641,,
2026-06-03T03:33:54.516863,mining-pool-block-list,csv,https://raw.githubusercontent.com/vuln000/mining-pool-block-list/refs/heads/main/mining_pools.csv,,csv,5663,,
2026-06-03T03:33:54.557435,abuse.ch-Bazaar,misp,https://bazaar.abuse.ch/downloads/misp//013d5657-2256-4444-b4a5-79d132de55b3.json,013d5657-2256-4444-b4a5-79d132de55b3,json,924,2,2026-06-03T00:03:02
2026-06-03T03:33:56.007025,abuse.ch-SSL,csv,https://sslbl.abuse.ch/blacklist/sslblacklist.csv,,csv,9831,,
2026-06-03T03:33:56.045965,Alienvault-IP-Reputation,csv,https://reputation.alienvault.com/reputation.generic,,csv,609,,
2026-06-03T03:33:56.213303,abuse.ch,misp,https://threatfox.abuse.ch/downloads/misp/fd94eeff-6af7-453d-ab6e-3552ad2dcbba.json,fd94eeff-6af7-453d-ab6e-3552ad2dcbba,json,761,2,2026-06-03T00:03:08
2026-06-03T03:33:56.282815,abuse.ch-URLhasus,misp,https://urlhaus.abuse.ch/downloads/misp/762532ff-3eff-432e-839d-7be809df91d2.json,762532ff-3eff-432e-839d-7be809df91d2,json,798,2,2026-06-03T00:15:22
2026-06-03T03:33:59.364159,CIRCL OSINT Feed,misp,https://www.circl.lu/doc/misp/feed-osint//87f831ba-5e47-4210-b79a-d733f70f4a00.json,87f831ba-5e47-4210-b79a-d733f70f4a00,json,467,2,2026-06-02T20:00:09
2026-06-04T03:28:52.439046,IPsum-l4,text,https://raw.githubusercontent.com/stamparm/ipsum/master/levels/4.txt,,text,7316,,
2026-06-04T03:28:52.445919,IPsum-l5,text,https://raw.githubusercontent.com/stamparm/ipsum/master/levels/5.txt,,text,1597,,
2026-06-04T03:28:53.572977,mining-pool-block-list,csv,https://raw.githubusercontent.com/vuln000/mining-pool-block-list/refs/heads/main/mining_pools.csv,,csv,5663,,
2026-06-04T03:28:55.565862,abuse.ch-SSL,csv,https://sslbl.abuse.ch/blacklist/sslblacklist.csv,,csv,9835,,
2026-06-04T03:28:55.611986,Alienvault-IP-Reputation,csv,https://reputation.alienvault.com/reputation.generic,,csv,609,,
2026-06-04T03:28:55.623242,abuse.ch-URLhasus,misp,https://urlhaus.abuse.ch/downloads/misp/c01928eb-466c-4809-a65f-50dc7f1fe059.json,c01928eb-466c-4809-a65f-50dc7f1fe059,json,493,2,2026-06-04T00:15:20
2026-06-04T03:28:55.649768,abuse.ch-Bazaar,misp,https://bazaar.abuse.ch/downloads/misp//6a95b8a2-d17c-4dc8-b950-65d0e0923a77.json,6a95b8a2-d17c-4dc8-b950-65d0e0923a77,json,752,2,2026-06-04T00:03:01
2026-06-04T03:28:55.807021,abuse.ch,misp,https://threatfox.abuse.ch/downloads/misp/7f094fbd-a5c5-420f-b8fc-154ffae4f47e.json,7f094fbd-a5c5-420f-b8fc-154ffae4f47e,json,445,2,2026-06-04T00:03:07
2026-06-04T03:29:05.556614,CIRCL OSINT Feed,misp,https://www.circl.lu/doc/misp/feed-osint//f828f058-5a81-4142-a0b3-b47e28c71e2a.json,f828f058-5a81-4142-a0b3-b47e28c71e2a,json,2310,2,2026-06-03T21:00:07
2026-06-05T02:51:25.731712,IPsum-l5,text,https://raw.githubusercontent.com/stamparm/ipsum/master/levels/5.txt,,text,3208,,
2026-06-05T02:51:25.826797,IPsum-l4,text,https://raw.githubusercontent.com/stamparm/ipsum/master/levels/4.txt,,text,6954,,
2026-06-05T02:51:26.932327,mining-pool-block-list,csv,https://raw.githubusercontent.com/vuln000/mining-pool-block-list/refs/heads/main/mining_pools.csv,,csv,5670,,
2026-06-05T02:51:27.009414,Alienvault-IP-Reputation,csv,https://reputation.alienvault.com/reputation.generic,,csv,609,,
2026-06-05T02:51:29.179357,abuse.ch-SSL,csv,https://sslbl.abuse.ch/blacklist/sslblacklist.csv,,csv,9859,,
2026-06-05T02:51:29.220403,abuse.ch-URLhasus,misp,https://urlhaus.abuse.ch/downloads/misp/27ba2989-ec93-409b-9c34-25554158c59e.json,27ba2989-ec93-409b-9c34-25554158c59e,json,1134,2,2026-06-05T00:15:22
2026-06-05T02:51:29.232342,abuse.ch,misp,https://threatfox.abuse.ch/downloads/misp/9608f540-baeb-4e57-9d3b-5e7bf8e4c1c3.json,9608f540-baeb-4e57-9d3b-5e7bf8e4c1c3,json,517,2,2026-06-05T00:03:06
2026-06-05T02:51:29.336792,abuse.ch-Bazaar,misp,https://bazaar.abuse.ch/downloads/misp//dabc2e86-068c-43b7-9132-5d666acc1b72.json,dabc2e86-068c-43b7-9132-5d666acc1b72,json,1480,2,2026-06-05T00:03:02
2026-06-05T02:51:32.693869,CIRCL OSINT Feed,misp,https://www.circl.lu/doc/misp/feed-osint//503001ee-8340-416d-b1a7-a72e79b0ba8f.json,503001ee-8340-416d-b1a7-a72e79b0ba8f,json,428,2,2026-06-04T19:00:08
2026-06-06T02:38:12.487341,IPsum-l5,text,https://raw.githubusercontent.com/stamparm/ipsum/master/levels/5.txt,,text,3594,,
2026-06-06T02:38:12.586745,IPsum-l4,text,https://raw.githubusercontent.com/stamparm/ipsum/master/levels/4.txt,,text,8542,,
2026-06-06T02:38:12.702091,abuse.ch-Bazaar,misp,https://bazaar.abuse.ch/downloads/misp//d17df4e4-2cfe-48de-8ccd-47f9f0e7ec49.json,d17df4e4-2cfe-48de-8ccd-47f9f0e7ec49,json,1980,2,2026-06-06T00:03:02
2026-06-06T02:38:13.793365,mining-pool-block-list,csv,https://raw.githubusercontent.com/vuln000/mining-pool-block-list/refs/heads/main/mining_pools.csv,,csv,5690,,
2026-06-06T02:38:13.860144,Alienvault-IP-Reputation,csv,https://reputation.alienvault.com/reputation.generic,,csv,609,,
2026-06-06T02:38:15.901768,abuse.ch-SSL,csv,https://sslbl.abuse.ch/blacklist/sslblacklist.csv,,csv,9865,,
2026-06-06T02:38:15.927166,abuse.ch-URLhasus,misp,https://urlhaus.abuse.ch/downloads/misp/a5282e75-d492-4341-9061-71248c3a74dd.json,a5282e75-d492-4341-9061-71248c3a74dd,json,930,2,2026-06-06T00:15:25
2026-06-06T02:38:15.931193,abuse.ch,misp,https://threatfox.abuse.ch/downloads/misp/d7d90505-61d2-4b87-a1c3-56d93fbcbcf3.json,d7d90505-61d2-4b87-a1c3-56d93fbcbcf3,json,360,2,2026-06-06T00:03:06
2026-06-06T02:38:17.180132,CIRCL OSINT Feed,misp,https://www.circl.lu/doc/misp/feed-osint//e3b7f367-0435-43a2-b1d3-f4a696cfeaea.json,e3b7f367-0435-43a2-b1d3-f4a696cfeaea,json,1712,2,2026-06-05T21:00:09
2026-06-06T02:38:17.473795,CIRCL OSINT Feed,misp,https://www.circl.lu/doc/misp/feed-osint//031fb9c1-32e9-4363-aa51-6f4df779cb14.json,031fb9c1-32e9-4363-aa51-6f4df779cb14,json,87,2,2026-06-05T23:00:19
2026-06-07T02:56:45.202993,IPsum-l4,text,https://raw.githubusercontent.com/stamparm/ipsum/master/levels/4.txt,,text,8317,,
2026-06-07T02:56:45.224604,IPsum-l5,text,https://raw.githubusercontent.com/stamparm/ipsum/master/levels/5.txt,,text,3554,,
2026-06-07T02:56:45.997168,mining-pool-block-list,csv,https://raw.githubusercontent.com/vuln000/mining-pool-block-list/refs/heads/main/mining_pools.csv,,csv,5688,,
2026-06-07T02:56:46.074735,abuse.ch-URLhasus,misp,https://urlhaus.abuse.ch/downloads/misp/9799b7a4-e989-44c4-8286-df0804be6c94.json,9799b7a4-e989-44c4-8286-df0804be6c94,json,719,2,2026-06-07T00:15:25
2026-06-07T02:56:46.105980,Alienvault-IP-Reputation,csv,https://reputation.alienvault.com/reputation.generic,,csv,609,,
2026-06-07T02:56:47.460949,abuse.ch-SSL,csv,https://sslbl.abuse.ch/blacklist/sslblacklist.csv,,csv,9875,,
2026-06-07T02:56:47.584721,abuse.ch,misp,https://threatfox.abuse.ch/downloads/misp/0e074315-5707-4bb5-98fc-a3466b874d81.json,0e074315-5707-4bb5-98fc-a3466b874d81,json,346,2,2026-06-07T00:03:07
2026-06-07T02:56:47.785393,abuse.ch-Bazaar,misp,https://bazaar.abuse.ch/downloads/misp//939ce7e9-064c-41af-83b4-9724b0a2dfe0.json,939ce7e9-064c-41af-83b4-9724b0a2dfe0,json,1572,2,2026-06-07T00:03:02
2026-06-08T02:59:27.319320,IPsum-l4,text,https://raw.githubusercontent.com/stamparm/ipsum/master/levels/4.txt,,text,8002,,
2026-06-08T02:59:27.362156,IPsum-l5,text,https://raw.githubusercontent.com/stamparm/ipsum/master/levels/5.txt,,text,3515,,
2026-06-08T02:59:28.127421,mining-pool-block-list,csv,https://raw.githubusercontent.com/vuln000/mining-pool-block-list/refs/heads/main/mining_pools.csv,,csv,5688,,
2026-06-08T02:59:28.206660,Alienvault-IP-Reputation,csv,https://reputation.alienvault.com/reputation.generic,,csv,609,,
2026-06-08T02:59:28.269690,abuse.ch-Bazaar,misp,https://bazaar.abuse.ch/downloads/misp//83840e63-c86a-42a2-89f5-b5a060915e15.json,83840e63-c86a-42a2-89f5-b5a060915e15,json,916,2,2026-06-08T00:03:01
2026-06-08T02:59:29.763882,abuse.ch-SSL,csv,https://sslbl.abuse.ch/blacklist/sslblacklist.csv,,csv,9876,,
2026-06-08T02:59:29.776409,abuse.ch,misp,https://threatfox.abuse.ch/downloads/misp/0dbaad8b-597b-487a-be9b-7953de7d2f16.json,0dbaad8b-597b-487a-be9b-7953de7d2f16,json,251,2,2026-06-08T00:03:07
2026-06-08T02:59:29.879448,abuse.ch-URLhasus,misp,https://urlhaus.abuse.ch/downloads/misp/e851d04c-6dae-42bb-9ff6-4b95e2934054.json,e851d04c-6dae-42bb-9ff6-4b95e2934054,json,906,2,2026-06-08T00:15:25
2026-06-08T02:59:36.462194,CIRCL OSINT Feed,misp,https://www.circl.lu/doc/misp/feed-osint//04bacec9-88d5-4088-b1ba-f4c581df4bc1.json,04bacec9-88d5-4088-b1ba-f4c581df4bc1,json,202,2,2026-06-07T18:00:13
2026-06-09T02:37:08.966859,IPsum-l4,text,https://raw.githubusercontent.com/stamparm/ipsum/master/levels/4.txt,,text,8029,,
2026-06-09T02:37:08.984472,IPsum-l5,text,https://raw.githubusercontent.com/stamparm/ipsum/master/levels/5.txt,,text,3531,,
2026-06-09T02:37:09.042079,Alienvault-IP-Reputation,csv,https://reputation.alienvault.com/reputation.generic,,csv,609,,
2026-06-09T02:37:10.175884,mining-pool-block-list,csv,https://raw.githubusercontent.com/vuln000/mining-pool-block-list/refs/heads/main/mining_pools.csv,,csv,5686,,
2026-06-09T02:37:12.096573,abuse.ch-SSL,csv,https://sslbl.abuse.ch/blacklist/sslblacklist.csv,,csv,9878,,
2026-06-09T02:37:12.262750,abuse.ch-Bazaar,misp,https://bazaar.abuse.ch/downloads/misp//f55c261c-9f57-41dd-87ee-4626ccf373d5.json,f55c261c-9f57-41dd-87ee-4626ccf373d5,json,3588,2,2026-06-09T00:03:01
2026-06-09T02:37:12.284390,abuse.ch,misp,https://threatfox.abuse.ch/downloads/misp/7c4b78f5-f328-49a3-a3e2-fda2ad4eb2bd.json,7c4b78f5-f328-49a3-a3e2-fda2ad4eb2bd,json,595,2,2026-06-09T00:03:07
2026-06-09T02:37:12.309720,abuse.ch-URLhasus,misp,https://urlhaus.abuse.ch/downloads/misp/7ecd3df7-21c5-403d-a70e-0a7704dea33d.json,7ecd3df7-21c5-403d-a70e-0a7704dea33d,json,1028,2,2026-06-09T00:15:27
2026-06-09T02:37:21.326472,CIRCL OSINT Feed,misp,https://www.circl.lu/doc/misp/feed-osint//4a45e589-c851-41a9-b4c0-249de14eceeb.json,4a45e589-c851-41a9-b4c0-249de14eceeb,json,8242,2,2026-06-08T20:00:04
2026-06-10T02:51:06.239719,IPsum-l5,text,https://raw.githubusercontent.com/stamparm/ipsum/master/levels/5.txt,,text,3731,,
2026-06-10T02:51:06.342200,IPsum-l4,text,https://raw.githubusercontent.com/stamparm/ipsum/master/levels/4.txt,,text,8804,,
2026-06-10T02:51:06.457649,Alienvault-IP-Reputation,csv,https://reputation.alienvault.com/reputation.generic,,csv,609,,
2026-06-10T02:51:06.501456,abuse.ch-Bazaar,misp,https://bazaar.abuse.ch/downloads/misp//96d03b96-a54d-4612-895a-e2073f4c19d0.json,96d03b96-a54d-4612-895a-e2073f4c19d0,json,1612,2,2026-06-10T00:03:02
2026-06-10T02:51:07.283935,mining-pool-block-list,csv,https://raw.githubusercontent.com/vuln000/mining-pool-block-list/refs/heads/main/mining_pools.csv,,csv,5686,,
2026-06-10T02:51:07.320058,abuse.ch-URLhasus,misp,https://urlhaus.abuse.ch/downloads/misp/f458f486-6886-4b9f-bf95-0777edbd0d91.json,f458f486-6886-4b9f-bf95-0777edbd0d91,json,1004,2,2026-06-10T00:15:21
2026-06-10T02:51:08.771877,abuse.ch-SSL,csv,https://sslbl.abuse.ch/blacklist/sslblacklist.csv,,csv,9904,,
2026-06-10T02:51:08.782116,abuse.ch,misp,https://threatfox.abuse.ch/downloads/misp/9d2bfdbf-bed5-4a0e-b0f1-b8cf846efced.json,9d2bfdbf-bed5-4a0e-b0f1-b8cf846efced,json,382,2,2026-06-10T00:03:08
2026-06-10T02:51:09.975593,CIRCL OSINT Feed,misp,https://www.circl.lu/doc/misp/feed-osint//70a24add-ca6c-48d7-8196-280b648237fd.json,70a24add-ca6c-48d7-8196-280b648237fd,json,213,2,2026-06-09T20:00:10
2026-06-11T03:23:12.896183,IPsum-l4,text,https://raw.githubusercontent.com/stamparm/ipsum/master/levels/4.txt,,text,8738,,
2026-06-11T03:23:12.942772,IPsum-l5,text,https://raw.githubusercontent.com/stamparm/ipsum/master/levels/5.txt,,text,3761,,
2026-06-11T03:23:13.729237,mining-pool-block-list,csv,https://raw.githubusercontent.com/vuln000/mining-pool-block-list/refs/heads/main/mining_pools.csv,,csv,5685,,
2026-06-11T03:23:13.785222,Alienvault-IP-Reputation,csv,https://reputation.alienvault.com/reputation.generic,,csv,609,,
2026-06-11T03:23:15.187254,abuse.ch-SSL,csv,https://sslbl.abuse.ch/blacklist/sslblacklist.csv,,csv,9919,,
2026-06-11T03:23:15.439951,abuse.ch-Bazaar,misp,https://bazaar.abuse.ch/downloads/misp//f3bf58de-158f-4dc0-8898-5aca6fa3f51f.json,f3bf58de-158f-4dc0-8898-5aca6fa3f51f,json,2632,2,2026-06-11T00:03:01
2026-06-11T03:23:15.449955,abuse.ch,misp,https://threatfox.abuse.ch/downloads/misp/df1ededc-4d5e-4f6f-b5ae-1382b53d4caf.json,df1ededc-4d5e-4f6f-b5ae-1382b53d4caf,json,423,2,2026-06-11T00:03:06
2026-06-11T03:23:15.509797,abuse.ch-URLhasus,misp,https://urlhaus.abuse.ch/downloads/misp/7d7dcadb-64fb-46bf-87ae-2017bcaf3c80.json,7d7dcadb-64fb-46bf-87ae-2017bcaf3c80,json,1433,2,2026-06-11T00:15:25
2026-06-11T03:23:17.836035,CIRCL OSINT Feed,misp,https://www.circl.lu/doc/misp/feed-osint//a569ecc1-9e0d-413a-bb85-50ada5e643c2.json,a569ecc1-9e0d-413a-bb85-50ada5e643c2,json,202,2,2026-06-10T17:00:04
2026-06-12T02:57:39.379880,IPsum-l4,text,https://raw.githubusercontent.com/stamparm/ipsum/master/levels/4.txt,,text,8703,,
2026-06-12T02:57:39.400341,IPsum-l5,text,https://raw.githubusercontent.com/stamparm/ipsum/master/levels/5.txt,,text,3799,,
2026-06-12T02:57:40.172792,mining-pool-block-list,csv,https://raw.githubusercontent.com/vuln000/mining-pool-block-list/refs/heads/main/mining_pools.csv,,csv,5688,,
2026-06-12T02:57:40.387652,Alienvault-IP-Reputation,csv,https://reputation.alienvault.com/reputation.generic,,csv,609,,
2026-06-12T02:57:40.396737,abuse.ch,misp,https://threatfox.abuse.ch/downloads/misp/ca3d5a3c-3494-4276-9d05-7ab9135b4837.json,ca3d5a3c-3494-4276-9d05-7ab9135b4837,json,418,2,2026-06-12T00:03:06
2026-06-12T02:57:41.948596,abuse.ch-SSL,csv,https://sslbl.abuse.ch/blacklist/sslblacklist.csv,,csv,9926,,
2026-06-12T02:57:42.046729,abuse.ch-URLhasus,misp,https://urlhaus.abuse.ch/downloads/misp/4a52a108-f088-4c3b-aba0-5712398e0de6.json,4a52a108-f088-4c3b-aba0-5712398e0de6,json,918,2,2026-06-12T00:15:27
2026-06-12T02:57:42.073624,abuse.ch-Bazaar,misp,https://bazaar.abuse.ch/downloads/misp//a59eb206-1607-47b8-b7cf-8f65d3659fd0.json,a59eb206-1607-47b8-b7cf-8f65d3659fd0,json,1312,2,2026-06-12T00:03:02
2026-06-12T02:57:45.364468,CIRCL OSINT Feed,misp,https://www.circl.lu/doc/misp/feed-osint//10a9ab63-cbe7-4d03-82a5-2fbe04413b9f.json,10a9ab63-cbe7-4d03-82a5-2fbe04413b9f,json,74,2,2026-06-11T17:00:03
2026-06-12T21:51:23.257427,IPsum-l5,text,https://raw.githubusercontent.com/stamparm/ipsum/master/levels/5.txt,,text,3799,,
2026-06-12T21:51:23.395234,IPsum-l4,text,https://raw.githubusercontent.com/stamparm/ipsum/master/levels/4.txt,,text,8703,,
2026-06-12T21:51:24.521993,mining-pool-block-list,csv,https://raw.githubusercontent.com/vuln000/mining-pool-block-list/refs/heads/main/mining_pools.csv,,csv,5688,,
2026-06-12T21:51:26.558614,abuse.ch-SSL,csv,https://sslbl.abuse.ch/blacklist/sslblacklist.csv,,csv,9927,,
2026-06-12T21:51:26.623906,Alienvault-IP-Reputation,csv,https://reputation.alienvault.com/reputation.generic,,csv,609,,
2026-06-13T21:20:47.101167,IPsum-l5,text,https://raw.githubusercontent.com/stamparm/ipsum/master/levels/5.txt,,text,4373,,
2026-06-13T21:20:47.192793,IPsum-l4,text,https://raw.githubusercontent.com/stamparm/ipsum/master/levels/4.txt,,text,9711,,
2026-06-13T21:20:47.966186,mining-pool-block-list,csv,https://raw.githubusercontent.com/vuln000/mining-pool-block-list/refs/heads/main/mining_pools.csv,,csv,5686,,
2026-06-13T21:20:48.010931,Alienvault-IP-Reputation,csv,https://reputation.alienvault.com/reputation.generic,,csv,609,,
2026-06-13T21:20:51.294841,abuse.ch-SSL,csv,https://sslbl.abuse.ch/blacklist/sslblacklist.csv,,csv,9927,,
2026-06-13T21:20:51.311546,abuse.ch,misp,https://threatfox.abuse.ch/downloads/misp/aac2a05b-d0e1-489c-b054-26297037cc4a.json,aac2a05b-d0e1-489c-b054-26297037cc4a,json,549,2,2026-06-13T00:03:07
2026-06-13T21:20:51.329432,abuse.ch-URLhasus,misp,https://urlhaus.abuse.ch/downloads/misp/9e5d1247-f12b-482d-a68a-86dea578b878.json,9e5d1247-f12b-482d-a68a-86dea578b878,json,734,2,2026-06-13T00:15:28
2026-06-13T21:20:51.351089,abuse.ch-Bazaar,misp,https://bazaar.abuse.ch/downloads/misp//62240f42-6982-4bbd-b04b-49eeef533fec.json,62240f42-6982-4bbd-b04b-49eeef533fec,json,1108,2,2026-06-13T00:03:02
2026-06-13T21:20:54.780089,CIRCL OSINT Feed,misp,https://www.circl.lu/doc/misp/feed-osint//2267a44b-6738-41b3-a92a-de3db93fcd41.json,2267a44b-6738-41b3-a92a-de3db93fcd41,json,852,2,2026-06-13T16:00:05
2026-06-14T21:17:18.498297,IPsum-l4,text,https://raw.githubusercontent.com/stamparm/ipsum/master/levels/4.txt,,text,9635,,
2026-06-14T21:17:18.523025,IPsum-l5,text,https://raw.githubusercontent.com/stamparm/ipsum/master/levels/5.txt,,text,4409,,
2026-06-14T21:17:19.289919,mining-pool-block-list,csv,https://raw.githubusercontent.com/vuln000/mining-pool-block-list/refs/heads/main/mining_pools.csv,,csv,5680,,
2026-06-14T21:17:19.350958,Alienvault-IP-Reputation,csv,https://reputation.alienvault.com/reputation.generic,,csv,609,,
2026-06-14T21:17:19.427488,abuse.ch-URLhasus,misp,https://urlhaus.abuse.ch/downloads/misp/1e6ce81d-8f67-4ff5-b177-128207dd22e0.json,1e6ce81d-8f67-4ff5-b177-128207dd22e0,json,541,2,2026-06-14T00:15:27
2026-06-14T21:17:20.924928,abuse.ch-SSL,csv,https://sslbl.abuse.ch/blacklist/sslblacklist.csv,,csv,9931,,
2026-06-14T21:17:21.051100,abuse.ch-Bazaar,misp,https://bazaar.abuse.ch/downloads/misp//9fe02c61-0505-445b-aa6b-d7d143dc26e8.json,9fe02c61-0505-445b-aa6b-d7d143dc26e8,json,708,2,2026-06-14T00:03:01
2026-06-14T21:17:21.147128,abuse.ch,misp,https://threatfox.abuse.ch/downloads/misp/0016806c-a25b-4142-a0a4-a7cd2269a44f.json,0016806c-a25b-4142-a0a4-a7cd2269a44f,json,216,2,2026-06-14T00:03:07
2026-06-14T21:17:23.609404,CIRCL OSINT Feed,misp,https://www.circl.lu/doc/misp/feed-osint//a2b4b75f-e399-40a6-91d4-ead8b421b93d.json,a2b4b75f-e399-40a6-91d4-ead8b421b93d,json,25,2,2026-06-14T13:00:09
2026-06-15T22:22:31.530772,IPsum-l5,text,https://raw.githubusercontent.com/stamparm/ipsum/master/levels/5.txt,,text,4278,,
2026-06-15T22:22:31.620430,IPsum-l4,text,https://raw.githubusercontent.com/stamparm/ipsum/master/levels/4.txt,,text,9250,,
2026-06-15T22:22:33.589449,abuse.ch-SSL,csv,https://sslbl.abuse.ch/blacklist/sslblacklist.csv,,csv,9974,,
2026-06-15T22:22:34.653261,mining-pool-block-list,csv,https://raw.githubusercontent.com/vuln000/mining-pool-block-list/refs/heads/main/mining_pools.csv,,csv,5682,,
2026-06-15T22:22:34.708045,Alienvault-IP-Reputation,csv,https://reputation.alienvault.com/reputation.generic,,csv,609,,
2026-06-15T22:22:34.905021,abuse.ch-Bazaar,misp,https://bazaar.abuse.ch/downloads/misp//69d01f5c-2468-4a00-8e69-84964ee0b187.json,69d01f5c-2468-4a00-8e69-84964ee0b187,json,940,2,2026-06-15T00:03:02
2026-06-15T22:22:34.928528,abuse.ch-URLhasus,misp,https://urlhaus.abuse.ch/downloads/misp/8029d715-1bc3-44b3-9d9d-771734dee93c.json,8029d715-1bc3-44b3-9d9d-771734dee93c,json,582,2,2026-06-15T00:15:27
2026-06-15T22:22:34.936682,abuse.ch,misp,https://threatfox.abuse.ch/downloads/misp/931fe070-036f-4714-8f67-6d2e527f4390.json,931fe070-036f-4714-8f67-6d2e527f4390,json,534,2,2026-06-15T00:03:07
2026-06-15T22:22:39.171931,CIRCL OSINT Feed,misp,https://www.circl.lu/doc/misp/feed-osint//5141a946-6109-4a37-821e-83eb8a281e2f.json,5141a946-6109-4a37-821e-83eb8a281e2f,json,150,2,2026-06-15T20:00:08
